audio_id,oss_key,gpu_local_path,official_source_path,duration_sec,file_bytes,oss_etag,format,sample_rate,channels,bit_depth,status
track_0000955,dataset/mtg-jamendo/jazz_test_500_audio-low/track_0000955.mp3,/root/autodl-tmp/jazz_500_audio-low/track_0000955.mp3,55/955.mp3,217.5,2895486,A205066F4E861115BA357A904AB79AE9,mp3,44100,2,low-bitrate,archived
track_0002211,dataset/mtg-jamendo/jazz_test_500_audio-low/track_0002211.mp3,/root/autodl-tmp/jazz_500_audio-low/track_0002211.mp3,11/2211.mp3,292.9,3651126,7312B9C262BADAFE42B3E2797DFFCCEF,mp3,44100,2,low-bitrate,archived
track_0002212,dataset/mtg-jamendo/jazz_test_500_audio-low/track_0002212.mp3,/root/autodl-tmp/jazz_500_audio-low/track_0002212.mp3,12/2212.mp3,323.8,4122815,7F9A7E716CFF534DCD322314CA7C93B3,mp3,44100,2,low-bitrate,archived
track_0002213,dataset/mtg-jamendo/jazz_test_500_audio-low/track_0002213.mp3,/root/autodl-tmp/jazz_500_audio-low/track_0002213.mp3,13/2213.mp3,242.4,3107301,7ABF38B810D3F92BC3CD9EF4B6605372,mp3,44100,2,low-bitrate,archived
track_0002214,dataset/mtg-jamendo/jazz_test_500_audio-low/track_0002214.mp3,/root/autodl-tmp/jazz_500_audio-low/track_0002214.mp3,14/2214.mp3,526.4,6364268,2A2EA7C6F10A1973A9171B9E3172D05E,mp3,44100,2,low-bitrate,archived
track_0002215,dataset/mtg-jamendo/jazz_test_500_audio-low/track_0002215.mp3,/root/autodl-tmp/jazz_500_audio-low/track_0002215.mp3,15/2215.mp3,281.1,3508661,B26626567E25FF021F8A15D668BE1E5B,mp3,44100,2,low-bitrate,archived
track_0002216,dataset/mtg-jamendo/jazz_test_500_audio-low/track_0002216.mp3,/root/autodl-tmp/jazz_500_audio-low/track_0002216.mp3,16/2216.mp3,440.5,5226800,629D950B8890C827A7DB999BEC1B2943,mp3,44100,2,low-bitrate,archived
track_0002217,dataset/mtg-jamendo/jazz_test_500_audio-low/track_0002217.mp3,/root/autodl-tmp/jazz_500_audio-low/track_0002217.mp3,17/2217.mp3,285.9,3598545,9847D25453EC677918D79A755B73B024,mp3,44100,2,low-bitrate,archived
track_0002218,dataset/mtg-jamendo/jazz_test_500_audio-low/track_0002218.mp3,/root/autodl-tmp/jazz_500_audio-low/track_0002218.mp3,18/2218.mp3,443.8,5572204,0A37E084F5AF9110C285FD5E1E8E6C58,mp3,44100,2,low-bitrate,archived
track_0002249,dataset/mtg-jamendo/jazz_test_500_audio-low/track_0002249.mp3,/root/autodl-tmp/jazz_500_audio-low/track_0002249.mp3,49/2249.mp3,174.4,1986947,3FFB8589A56BD263B967DE91897953EF,mp3,44100,2,low-bitrate,archived
track_0003911,dataset/mtg-jamendo/jazz_test_500_audio-low/track_0003911.mp3,/root/autodl-tmp/jazz_500_audio-low/track_0003911.mp3,11/3911.mp3,159.9,1950098,DA5638A1B7F8DCD69868309FCC9ED248,mp3,44100,2,low-bitrate,archived
track_0003914,dataset/mtg-jamendo/jazz_test_500_audio-low/track_0003914.mp3,/root/autodl-tmp/jazz_500_audio-low/track_0003914.mp3,14/3914.mp3,312.3,3826691,B2D0A20F8094138F52B0C45A6BCE2490,mp3,44100,2,low-bitrate,archived
track_0003933,dataset/mtg-jamendo/jazz_test_500_audio-low/track_0003933.mp3,/root/autodl-tmp/jazz_500_audio-low/track_0003933.mp3,33/3933.mp3,307.4,3844906,5B46BB732436ABAC83B02A32BC0CC384,mp3,44100,2,low-bitrate,archived
track_0003935,dataset/mtg-jamendo/jazz_test_500_audio-low/track_0003935.mp3,/root/autodl-tmp/jazz_500_audio-low/track_0003935.mp3,35/3935.mp3,134.9,1489998,DAC5161393B1F65F9FB88504BAB9A0DD,mp3,44100,2,low-bitrate,archived
track_0003936,dataset/mtg-jamendo/jazz_test_500_audio-low/track_0003936.mp3,/root/autodl-tmp/jazz_500_audio-low/track_0003936.mp3,36/3936.mp3,688.4,8234762,ABB55C5AE978361BC629E6B1F3A2A668,mp3,44100,2,low-bitrate,archived
track_0003939,dataset/mtg-jamendo/jazz_test_500_audio-low/track_0003939.mp3,/root/autodl-tmp/jazz_500_audio-low/track_0003939.mp3,39/3939.mp3,481.8,5793298,F4BE277ED28485F07D1A169E6B693C57,mp3,44100,2,low-bitrate,archived
track_0004028,dataset/mtg-jamendo/jazz_test_500_audio-low/track_0004028.mp3,/root/autodl-tmp/jazz_500_audio-low/track_0004028.mp3,28/4028.mp3,297.7,3359472,2EF60A1F02363B0ACAB5771E5AA61E65,mp3,44100,2,low-bitrate,archived
track_0004880,dataset/mtg-jamendo/jazz_test_500_audio-low/track_0004880.mp3,/root/autodl-tmp/jazz_500_audio-low/track_0004880.mp3,80/4880.mp3,214.8,2842547,DCDCEB6442477B83D05F4E84D499F31A,mp3,44100,2,low-bitrate,archived
track_0004882,dataset/mtg-jamendo/jazz_test_500_audio-low/track_0004882.mp3,/root/autodl-tmp/jazz_500_audio-low/track_0004882.mp3,82/4882.mp3,210.4,2049752,14B766394BEAA7E28F687734E398A818,mp3,44100,2,low-bitrate,archived
track_0004883,dataset/mtg-jamendo/jazz_test_500_audio-low/track_0004883.mp3,/root/autodl-tmp/jazz_500_audio-low/track_0004883.mp3,83/4883.mp3,249.5,3452783,617219F89EE208990703487087E20589,mp3,44100,2,low-bitrate,archived
track_0004884,dataset/mtg-jamendo/jazz_test_500_audio-low/track_0004884.mp3,/root/autodl-tmp/jazz_500_audio-low/track_0004884.mp3,84/4884.mp3,220.7,2905584,5391C37E9E22CA1884F664419B73F940,mp3,44100,2,low-bitrate,archived
track_0004887,dataset/mtg-jamendo/jazz_test_500_audio-low/track_0004887.mp3,/root/autodl-tmp/jazz_500_audio-low/track_0004887.mp3,87/4887.mp3,251.7,3385003,8262FD8F99DA5A47EA90F7EE8C565A87,mp3,44100,2,low-bitrate,archived
track_0004888,dataset/mtg-jamendo/jazz_test_500_audio-low/track_0004888.mp3,/root/autodl-tmp/jazz_500_audio-low/track_0004888.mp3,88/4888.mp3,87.4,1013679,D57FB31678A2F98C11AB7002EB07C989,mp3,44100,2,low-bitrate,archived
track_0004889,dataset/mtg-jamendo/jazz_test_500_audio-low/track_0004889.mp3,/root/autodl-tmp/jazz_500_audio-low/track_0004889.mp3,89/4889.mp3,179.0,2259792,3843AE199C9C0EC077AD3C02CDF55715,mp3,44100,2,low-bitrate,archived
track_0004890,dataset/mtg-jamendo/jazz_test_500_audio-low/track_0004890.mp3,/root/autodl-tmp/jazz_500_audio-low/track_0004890.mp3,90/4890.mp3,374.3,4816078,E26E50D9FDD0BC6673661285901626BA,mp3,44100,2,low-bitrate,archived
track_0005083,dataset/mtg-jamendo/jazz_test_500_audio-low/track_0005083.mp3,/root/autodl-tmp/jazz_500_audio-low/track_0005083.mp3,83/5083.mp3,165.4,1930263,F102BCD1D5B5907AB4F7299FBD248321,mp3,44100,2,low-bitrate,archived
track_0005084,dataset/mtg-jamendo/jazz_test_500_audio-low/track_0005084.mp3,/root/autodl-tmp/jazz_500_audio-low/track_0005084.mp3,84/5084.mp3,205.7,2717894,EBB5AE3EAB581655D3FA2BA80F76E4DB,mp3,44100,2,low-bitrate,archived
track_0005085,dataset/mtg-jamendo/jazz_test_500_audio-low/track_0005085.mp3,/root/autodl-tmp/jazz_500_audio-low/track_0005085.mp3,85/5085.mp3,252.0,3076423,FB8092276F3F233650F68F5959A67192,mp3,44100,2,low-bitrate,archived
track_0005086,dataset/mtg-jamendo/jazz_test_500_audio-low/track_0005086.mp3,/root/autodl-tmp/jazz_500_audio-low/track_0005086.mp3,86/5086.mp3,235.0,2923474,0E982C4AAB6C8B590625DC847F7D30FB,mp3,44100,2,low-bitrate,archived
track_0005087,dataset/mtg-jamendo/jazz_test_500_audio-low/track_0005087.mp3,/root/autodl-tmp/jazz_500_audio-low/track_0005087.mp3,87/5087.mp3,109.1,1462258,13EFAB176A351C99DB5C071BA0E04A99,mp3,44100,2,low-bitrate,archived
track_0005088,dataset/mtg-jamendo/jazz_test_500_audio-low/track_0005088.mp3,/root/autodl-tmp/jazz_500_audio-low/track_0005088.mp3,88/5088.mp3,230.3,2608901,D2C8F5C54A5543042E26E56C9BDE8778,mp3,44100,2,low-bitrate,archived
track_0005089,dataset/mtg-jamendo/jazz_test_500_audio-low/track_0005089.mp3,/root/autodl-tmp/jazz_500_audio-low/track_0005089.mp3,89/5089.mp3,102.8,1344295,05C1FC5B6AE6734E0A4BB0EFBF4C00A9,mp3,44100,2,low-bitrate,archived
track_0005090,dataset/mtg-jamendo/jazz_test_500_audio-low/track_0005090.mp3,/root/autodl-tmp/jazz_500_audio-low/track_0005090.mp3,90/5090.mp3,163.3,1860176,D29ECCDD777E0313CEDD40C1231405CA,mp3,44100,2,low-bitrate,archived
track_0006729,dataset/mtg-jamendo/jazz_test_500_audio-low/track_0006729.mp3,/root/autodl-tmp/jazz_500_audio-low/track_0006729.mp3,29/6729.mp3,210.6,2464022,F071B41618E3199BAF0560B0CAE9A140,mp3,44100,2,low-bitrate,archived
track_0008559,dataset/mtg-jamendo/jazz_test_500_audio-low/track_0008559.mp3,/root/autodl-tmp/jazz_500_audio-low/track_0008559.mp3,59/8559.mp3,247.1,2989208,2E64C881FFC7CB0CCAEF78F5D8B4EE56,mp3,44100,2,low-bitrate,archived
track_0008560,dataset/mtg-jamendo/jazz_test_500_audio-low/track_0008560.mp3,/root/autodl-tmp/jazz_500_audio-low/track_0008560.mp3,60/8560.mp3,381.0,4418924,7D58E31E79873E2C0C2A2862D8E8D8B1,mp3,44100,2,low-bitrate,archived
track_0008561,dataset/mtg-jamendo/jazz_test_500_audio-low/track_0008561.mp3,/root/autodl-tmp/jazz_500_audio-low/track_0008561.mp3,61/8561.mp3,248.3,3008292,175F9F57E8EDED757CC197144CA7406B,mp3,44100,2,low-bitrate,archived
track_0008562,dataset/mtg-jamendo/jazz_test_500_audio-low/track_0008562.mp3,/root/autodl-tmp/jazz_500_audio-low/track_0008562.mp3,62/8562.mp3,357.8,3995884,66A2BE69B85362CC91384969FECCB140,mp3,44100,2,low-bitrate,archived
track_0008563,dataset/mtg-jamendo/jazz_test_500_audio-low/track_0008563.mp3,/root/autodl-tmp/jazz_500_audio-low/track_0008563.mp3,63/8563.mp3,414.9,5162155,3CEF8D4BBB5BCA99B69AD95AB3C849D9,mp3,44100,2,low-bitrate,archived
track_0008564,dataset/mtg-jamendo/jazz_test_500_audio-low/track_0008564.mp3,/root/autodl-tmp/jazz_500_audio-low/track_0008564.mp3,64/8564.mp3,366.1,4100639,A3A0D76FA418EB3B05F88A60F7F2B3DF,mp3,44100,2,low-bitrate,archived
track_0008565,dataset/mtg-jamendo/jazz_test_500_audio-low/track_0008565.mp3,/root/autodl-tmp/jazz_500_audio-low/track_0008565.mp3,65/8565.mp3,243.6,3011488,EC2AD106D859C4E27F893A4868B23345,mp3,44100,2,low-bitrate,archived
track_0011745,dataset/mtg-jamendo/jazz_test_500_audio-low/track_0011745.mp3,/root/autodl-tmp/jazz_500_audio-low/track_0011745.mp3,45/11745.mp3,261.4,3145742,A0C388518D64EF42F7B2DEEAC4E16BC4,mp3,44100,2,low-bitrate,archived
track_0011747,dataset/mtg-jamendo/jazz_test_500_audio-low/track_0011747.mp3,/root/autodl-tmp/jazz_500_audio-low/track_0011747.mp3,47/11747.mp3,97.3,1047907,74BE04689401EDAA650D0F30033D22AE,mp3,44100,2,low-bitrate,archived
track_0011750,dataset/mtg-jamendo/jazz_test_500_audio-low/track_0011750.mp3,/root/autodl-tmp/jazz_500_audio-low/track_0011750.mp3,50/11750.mp3,105.2,1104208,F966C9895EAAE0D6EACA1B36E00E165C,mp3,44100,2,low-bitrate,archived
track_0011751,dataset/mtg-jamendo/jazz_test_500_audio-low/track_0011751.mp3,/root/autodl-tmp/jazz_500_audio-low/track_0011751.mp3,51/11751.mp3,279.0,3876334,9A2918CE9CB9B7852148B879A52D2444,mp3,44100,2,low-bitrate,archived
track_0011756,dataset/mtg-jamendo/jazz_test_500_audio-low/track_0011756.mp3,/root/autodl-tmp/jazz_500_audio-low/track_0011756.mp3,56/11756.mp3,509.4,5899597,4BAC1CDB51D3B0EF41A1D7AF2F059DA4,mp3,44100,2,low-bitrate,archived
track_0011760,dataset/mtg-jamendo/jazz_test_500_audio-low/track_0011760.mp3,/root/autodl-tmp/jazz_500_audio-low/track_0011760.mp3,60/11760.mp3,124.5,1517319,777C56637E4BB49C8111DB2BD95464C2,mp3,44100,2,low-bitrate,archived
track_0011765,dataset/mtg-jamendo/jazz_test_500_audio-low/track_0011765.mp3,/root/autodl-tmp/jazz_500_audio-low/track_0011765.mp3,65/11765.mp3,121.5,1497752,F628ED228B275DDDFD8945F5712A5393,mp3,44100,2,low-bitrate,archived
track_0011767,dataset/mtg-jamendo/jazz_test_500_audio-low/track_0011767.mp3,/root/autodl-tmp/jazz_500_audio-low/track_0011767.mp3,67/11767.mp3,227.2,2832159,0B3BF354ED0289292C6CD4335F6B2328,mp3,44100,2,low-bitrate,archived
track_0011771,dataset/mtg-jamendo/jazz_test_500_audio-low/track_0011771.mp3,/root/autodl-tmp/jazz_500_audio-low/track_0011771.mp3,71/11771.mp3,127.1,1280561,B649AEF146813830C8B0E2106C0CE7FB,mp3,44100,2,low-bitrate,archived
track_0011773,dataset/mtg-jamendo/jazz_test_500_audio-low/track_0011773.mp3,/root/autodl-tmp/jazz_500_audio-low/track_0011773.mp3,73/11773.mp3,122.6,1572697,74BE14E46A709B5924A7ACCF272471C8,mp3,44100,2,low-bitrate,archived
track_0014381,dataset/mtg-jamendo/jazz_test_500_audio-low/track_0014381.mp3,/root/autodl-tmp/jazz_500_audio-low/track_0014381.mp3,81/14381.mp3,349.6,4237285,62A6FA2F6E1CFEFE74919A6C22D6F2AD,mp3,44100,2,low-bitrate,archived
track_0014384,dataset/mtg-jamendo/jazz_test_500_audio-low/track_0014384.mp3,/root/autodl-tmp/jazz_500_audio-low/track_0014384.mp3,84/14384.mp3,278.0,3283375,247A4307BF78886B722038167B795EC5,mp3,44100,2,low-bitrate,archived
track_0015655,dataset/mtg-jamendo/jazz_test_500_audio-low/track_0015655.mp3,/root/autodl-tmp/jazz_500_audio-low/track_0015655.mp3,55/15655.mp3,420.8,5353166,098AB7329510B055C9369E7367351D3A,mp3,44100,2,low-bitrate,archived
track_0015656,dataset/mtg-jamendo/jazz_test_500_audio-low/track_0015656.mp3,/root/autodl-tmp/jazz_500_audio-low/track_0015656.mp3,56/15656.mp3,530.2,6774885,0CED49CE2D73814676F9CA80C38442CF,mp3,44100,2,low-bitrate,archived
track_0015658,dataset/mtg-jamendo/jazz_test_500_audio-low/track_0015658.mp3,/root/autodl-tmp/jazz_500_audio-low/track_0015658.mp3,58/15658.mp3,320.3,4076671,D32DCD90A8B56A64DBD7DF57A9DBF99B,mp3,44100,2,low-bitrate,archived
track_0015660,dataset/mtg-jamendo/jazz_test_500_audio-low/track_0015660.mp3,/root/autodl-tmp/jazz_500_audio-low/track_0015660.mp3,60/15660.mp3,355.8,4422388,E4FE85B081DF166E3B66715D32600849,mp3,44100,2,low-bitrate,archived
track_0016407,dataset/mtg-jamendo/jazz_test_500_audio-low/track_0016407.mp3,/root/autodl-tmp/jazz_500_audio-low/track_0016407.mp3,07/16407.mp3,355.1,4255893,1B209578D62E128710A85D49FD046C23,mp3,44100,2,low-bitrate,archived
track_0016408,dataset/mtg-jamendo/jazz_test_500_audio-low/track_0016408.mp3,/root/autodl-tmp/jazz_500_audio-low/track_0016408.mp3,08/16408.mp3,407.0,5062478,181EA4313A8B512E2DAB0C5A9D2CC195,mp3,44100,2,low-bitrate,archived
track_0016409,dataset/mtg-jamendo/jazz_test_500_audio-low/track_0016409.mp3,/root/autodl-tmp/jazz_500_audio-low/track_0016409.mp3,09/16409.mp3,157.4,1958911,3C60C2025A297F78E74B46D5793260F7,mp3,44100,2,low-bitrate,archived
track_0016410,dataset/mtg-jamendo/jazz_test_500_audio-low/track_0016410.mp3,/root/autodl-tmp/jazz_500_audio-low/track_0016410.mp3,10/16410.mp3,552.3,6795853,68A3753A6689AAA7242E968492286088,mp3,44100,2,low-bitrate,archived
track_0016411,dataset/mtg-jamendo/jazz_test_500_audio-low/track_0016411.mp3,/root/autodl-tmp/jazz_500_audio-low/track_0016411.mp3,11/16411.mp3,605.2,7691437,2D0A837C596BF998D563F6D1C3C2F7BB,mp3,44100,2,low-bitrate,archived
track_0017490,dataset/mtg-jamendo/jazz_test_500_audio-low/track_0017490.mp3,/root/autodl-tmp/jazz_500_audio-low/track_0017490.mp3,90/17490.mp3,233.7,2878540,B78AFCDF1877E23A30F60F9A8DA918CF,mp3,44100,2,low-bitrate,archived
track_0017491,dataset/mtg-jamendo/jazz_test_500_audio-low/track_0017491.mp3,/root/autodl-tmp/jazz_500_audio-low/track_0017491.mp3,91/17491.mp3,178.7,2147477,22C8F2AC10E402A5A411E4C823EC2522,mp3,44100,2,low-bitrate,archived
track_0017492,dataset/mtg-jamendo/jazz_test_500_audio-low/track_0017492.mp3,/root/autodl-tmp/jazz_500_audio-low/track_0017492.mp3,92/17492.mp3,176.5,2132185,6DA50099F1ABAA288AD738B37CBF83F6,mp3,44100,2,low-bitrate,archived
track_0017493,dataset/mtg-jamendo/jazz_test_500_audio-low/track_0017493.mp3,/root/autodl-tmp/jazz_500_audio-low/track_0017493.mp3,93/17493.mp3,140.1,1778834,48D5A67EC5D26168ED10231BE90F504A,mp3,44100,2,low-bitrate,archived
track_0017494,dataset/mtg-jamendo/jazz_test_500_audio-low/track_0017494.mp3,/root/autodl-tmp/jazz_500_audio-low/track_0017494.mp3,94/17494.mp3,136.4,1696560,416ADAF1B90269F4141654A808398D5A,mp3,44100,2,low-bitrate,archived
track_0017954,dataset/mtg-jamendo/jazz_test_500_audio-low/track_0017954.mp3,/root/autodl-tmp/jazz_500_audio-low/track_0017954.mp3,54/17954.mp3,414.8,5363683,EE25260910AEAC037E8F5D1298742DBC,mp3,44100,2,low-bitrate,archived
track_0017963,dataset/mtg-jamendo/jazz_test_500_audio-low/track_0017963.mp3,/root/autodl-tmp/jazz_500_audio-low/track_0017963.mp3,63/17963.mp3,400.5,5240230,D6C7F363E72F5B1B07C4CC731962D18D,mp3,44100,2,low-bitrate,archived
track_0018863,dataset/mtg-jamendo/jazz_test_500_audio-low/track_0018863.mp3,/root/autodl-tmp/jazz_500_audio-low/track_0018863.mp3,63/18863.mp3,236.1,2291387,B9A61FC820CC39AC782AC061019EB417,mp3,44100,2,low-bitrate,archived
track_0019115,dataset/mtg-jamendo/jazz_test_500_audio-low/track_0019115.mp3,/root/autodl-tmp/jazz_500_audio-low/track_0019115.mp3,15/19115.mp3,364.7,4532665,1AED6F597809F18E9DD857A80482F492,mp3,44100,2,low-bitrate,archived
track_0019116,dataset/mtg-jamendo/jazz_test_500_audio-low/track_0019116.mp3,/root/autodl-tmp/jazz_500_audio-low/track_0019116.mp3,16/19116.mp3,273.6,2547085,663065072E5354C7FF6963C8DA82458C,mp3,44100,2,low-bitrate,archived
track_0019120,dataset/mtg-jamendo/jazz_test_500_audio-low/track_0019120.mp3,/root/autodl-tmp/jazz_500_audio-low/track_0019120.mp3,20/19120.mp3,328.9,4078063,6330A7C28D885A31319DFA7268B685A5,mp3,44100,2,low-bitrate,archived
track_0019252,dataset/mtg-jamendo/jazz_test_500_audio-low/track_0019252.mp3,/root/autodl-tmp/jazz_500_audio-low/track_0019252.mp3,52/19252.mp3,304.0,3759794,4D7605023EF86C20C707F4ACC8224401,mp3,44100,2,low-bitrate,archived
track_0019255,dataset/mtg-jamendo/jazz_test_500_audio-low/track_0019255.mp3,/root/autodl-tmp/jazz_500_audio-low/track_0019255.mp3,55/19255.mp3,351.1,3844796,D45AF61D71215F9388219E4FE11BB066,mp3,44100,2,low-bitrate,archived
track_0019257,dataset/mtg-jamendo/jazz_test_500_audio-low/track_0019257.mp3,/root/autodl-tmp/jazz_500_audio-low/track_0019257.mp3,57/19257.mp3,242.9,2931351,27ED6B5DDB423340060A3AB677DCF973,mp3,44100,2,low-bitrate,archived
track_0019260,dataset/mtg-jamendo/jazz_test_500_audio-low/track_0019260.mp3,/root/autodl-tmp/jazz_500_audio-low/track_0019260.mp3,60/19260.mp3,300.8,3829640,679F5D3D93D1D0CC62A58999717B4D86,mp3,44100,2,low-bitrate,archived
track_0019850,dataset/mtg-jamendo/jazz_test_500_audio-low/track_0019850.mp3,/root/autodl-tmp/jazz_500_audio-low/track_0019850.mp3,50/19850.mp3,74.7,931073,F48098B65479CF2AE0C369433AF208CE,mp3,44100,2,low-bitrate,archived
track_0019851,dataset/mtg-jamendo/jazz_test_500_audio-low/track_0019851.mp3,/root/autodl-tmp/jazz_500_audio-low/track_0019851.mp3,51/19851.mp3,60.8,780927,3E4EECB888C9741916A7BCCB96B4F93E,mp3,44100,2,low-bitrate,archived
track_0019853,dataset/mtg-jamendo/jazz_test_500_audio-low/track_0019853.mp3,/root/autodl-tmp/jazz_500_audio-low/track_0019853.mp3,53/19853.mp3,51.5,653446,9B9D06A84E2E6B067DBD566503227B98,mp3,44100,2,low-bitrate,archived
track_0019854,dataset/mtg-jamendo/jazz_test_500_audio-low/track_0019854.mp3,/root/autodl-tmp/jazz_500_audio-low/track_0019854.mp3,54/19854.mp3,37.9,492880,6B2BE4ADE867D711AA4AED90BBD2A8D8,mp3,44100,2,low-bitrate,archived
track_0019856,dataset/mtg-jamendo/jazz_test_500_audio-low/track_0019856.mp3,/root/autodl-tmp/jazz_500_audio-low/track_0019856.mp3,56/19856.mp3,37.8,477044,3E5FF062C9FB61CB27A2C840FFCF23DA,mp3,44100,2,low-bitrate,archived
track_0020487,dataset/mtg-jamendo/jazz_test_500_audio-low/track_0020487.mp3,/root/autodl-tmp/jazz_500_audio-low/track_0020487.mp3,87/20487.mp3,365.1,3836860,E599E2ACD7ED6B4F0B4768B349FA0F2F,mp3,44100,2,low-bitrate,archived
track_0020492,dataset/mtg-jamendo/jazz_test_500_audio-low/track_0020492.mp3,/root/autodl-tmp/jazz_500_audio-low/track_0020492.mp3,92/20492.mp3,147.4,1666472,62B7C6AEEBF8B605B3106D449DDBA80C,mp3,44100,2,low-bitrate,archived
track_0020740,dataset/mtg-jamendo/jazz_test_500_audio-low/track_0020740.mp3,/root/autodl-tmp/jazz_500_audio-low/track_0020740.mp3,40/20740.mp3,358.5,4230093,E1DD0B628024872DB2DE74CDB243893D,mp3,44100,2,low-bitrate,archived
track_0020743,dataset/mtg-jamendo/jazz_test_500_audio-low/track_0020743.mp3,/root/autodl-tmp/jazz_500_audio-low/track_0020743.mp3,43/20743.mp3,254.8,3019629,CB449A4C4C8D65EFECA7352227DD135F,mp3,44100,2,low-bitrate,archived
track_0020763,dataset/mtg-jamendo/jazz_test_500_audio-low/track_0020763.mp3,/root/autodl-tmp/jazz_500_audio-low/track_0020763.mp3,63/20763.mp3,388.1,4903431,7E42E82001F3601ED615F9DD3F0DCE8F,mp3,44100,2,low-bitrate,archived
track_0020764,dataset/mtg-jamendo/jazz_test_500_audio-low/track_0020764.mp3,/root/autodl-tmp/jazz_500_audio-low/track_0020764.mp3,64/20764.mp3,253.8,3310298,62C3332077D9B8ABBED05482CA905A86,mp3,44100,2,low-bitrate,archived
track_0020765,dataset/mtg-jamendo/jazz_test_500_audio-low/track_0020765.mp3,/root/autodl-tmp/jazz_500_audio-low/track_0020765.mp3,65/20765.mp3,409.2,5277859,637CA835149CA149BCBD95176AACD051,mp3,44100,2,low-bitrate,archived
track_0020766,dataset/mtg-jamendo/jazz_test_500_audio-low/track_0020766.mp3,/root/autodl-tmp/jazz_500_audio-low/track_0020766.mp3,66/20766.mp3,252.5,3257828,74532BF37CA45A1678F897BEEA13AEC1,mp3,44100,2,low-bitrate,archived
track_0020767,dataset/mtg-jamendo/jazz_test_500_audio-low/track_0020767.mp3,/root/autodl-tmp/jazz_500_audio-low/track_0020767.mp3,67/20767.mp3,396.2,4952353,CDB70A8E8B325C9C99080347B3D93C8E,mp3,44100,2,low-bitrate,archived
track_0020768,dataset/mtg-jamendo/jazz_test_500_audio-low/track_0020768.mp3,/root/autodl-tmp/jazz_500_audio-low/track_0020768.mp3,68/20768.mp3,345.0,4380554,EFE57ECC801D31002C5A5AFE6F1E2285,mp3,44100,2,low-bitrate,archived
track_0020769,dataset/mtg-jamendo/jazz_test_500_audio-low/track_0020769.mp3,/root/autodl-tmp/jazz_500_audio-low/track_0020769.mp3,69/20769.mp3,320.7,3847505,9BA35B0DAB283FDAEA9A5C395BB7E869,mp3,44100,2,low-bitrate,archived
track_0020770,dataset/mtg-jamendo/jazz_test_500_audio-low/track_0020770.mp3,/root/autodl-tmp/jazz_500_audio-low/track_0020770.mp3,70/20770.mp3,495.9,6059743,4C7D1CAA6C1344EFB504A3C680AD5280,mp3,44100,2,low-bitrate,archived
track_0020771,dataset/mtg-jamendo/jazz_test_500_audio-low/track_0020771.mp3,/root/autodl-tmp/jazz_500_audio-low/track_0020771.mp3,71/20771.mp3,726.9,9203296,B77299928018321D8B90D02F9ADD4591,mp3,44100,2,low-bitrate,archived
track_0020772,dataset/mtg-jamendo/jazz_test_500_audio-low/track_0020772.mp3,/root/autodl-tmp/jazz_500_audio-low/track_0020772.mp3,72/20772.mp3,343.0,4238091,812118C783686E571D9517B6A30797F1,mp3,44100,2,low-bitrate,archived
track_0020773,dataset/mtg-jamendo/jazz_test_500_audio-low/track_0020773.mp3,/root/autodl-tmp/jazz_500_audio-low/track_0020773.mp3,73/20773.mp3,524.9,6801415,EE0D1621D842CFACA8522CE230D12E56,mp3,44100,2,low-bitrate,archived
track_0021502,dataset/mtg-jamendo/jazz_test_500_audio-low/track_0021502.mp3,/root/autodl-tmp/jazz_500_audio-low/track_0021502.mp3,02/21502.mp3,105.9,1456343,1FE603B8DF40DF61CC8C943646C2DC1D,mp3,44100,2,low-bitrate,archived
track_0022549,dataset/mtg-jamendo/jazz_test_500_audio-low/track_0022549.mp3,/root/autodl-tmp/jazz_500_audio-low/track_0022549.mp3,49/22549.mp3,98.5,1266834,DD0C80264A858D2F79A2B24198CFAC75,mp3,44100,2,low-bitrate,archived
track_0022550,dataset/mtg-jamendo/jazz_test_500_audio-low/track_0022550.mp3,/root/autodl-tmp/jazz_500_audio-low/track_0022550.mp3,50/22550.mp3,87.7,1206151,4959B2933A532324413B9077DECE30C0,mp3,44100,2,low-bitrate,archived
track_0023823,dataset/mtg-jamendo/jazz_test_500_audio-low/track_0023823.mp3,/root/autodl-tmp/jazz_500_audio-low/track_0023823.mp3,23/23823.mp3,270.0,3285751,78A38A9A8BE35B18CC6C568ECE731CA5,mp3,44100,2,low-bitrate,archived
track_0024321,dataset/mtg-jamendo/jazz_test_500_audio-low/track_0024321.mp3,/root/autodl-tmp/jazz_500_audio-low/track_0024321.mp3,21/24321.mp3,46.8,646938,D7B6205BCD64555414197943A308BB00,mp3,44100,2,low-bitrate,archived
track_0025706,dataset/mtg-jamendo/jazz_test_500_audio-low/track_0025706.mp3,/root/autodl-tmp/jazz_500_audio-low/track_0025706.mp3,06/25706.mp3,221.3,2813897,604C65D504B50EF471F783570090FC23,mp3,44100,2,low-bitrate,archived
track_0025708,dataset/mtg-jamendo/jazz_test_500_audio-low/track_0025708.mp3,/root/autodl-tmp/jazz_500_audio-low/track_0025708.mp3,08/25708.mp3,186.1,2029089,9F033CB66FB64746E894DB33AF6CA2F4,mp3,44100,2,low-bitrate,archived
track_0026219,dataset/mtg-jamendo/jazz_test_500_audio-low/track_0026219.mp3,/root/autodl-tmp/jazz_500_audio-low/track_0026219.mp3,19/26219.mp3,42.4,470577,F6D433F158B38DE3163F3963F286EBB6,mp3,44100,2,low-bitrate,archived
track_0026220,dataset/mtg-jamendo/jazz_test_500_audio-low/track_0026220.mp3,/root/autodl-tmp/jazz_500_audio-low/track_0026220.mp3,20/26220.mp3,199.5,2392328,20021E3E2BFE3659211865A799A26815,mp3,44100,2,low-bitrate,archived
track_0026222,dataset/mtg-jamendo/jazz_test_500_audio-low/track_0026222.mp3,/root/autodl-tmp/jazz_500_audio-low/track_0026222.mp3,22/26222.mp3,148.1,1673138,22B3A0ED4918CAE33B69E6EF7BD0FA24,mp3,44100,2,low-bitrate,archived
track_0026224,dataset/mtg-jamendo/jazz_test_500_audio-low/track_0026224.mp3,/root/autodl-tmp/jazz_500_audio-low/track_0026224.mp3,24/26224.mp3,72.6,780457,48335B7A3A286D2911ADF9890163FB6B,mp3,44100,2,low-bitrate,archived
track_0026226,dataset/mtg-jamendo/jazz_test_500_audio-low/track_0026226.mp3,/root/autodl-tmp/jazz_500_audio-low/track_0026226.mp3,26/26226.mp3,373.4,4711313,83B4BA55F0CA695D1425096DD2D577C5,mp3,44100,2,low-bitrate,archived
track_0026227,dataset/mtg-jamendo/jazz_test_500_audio-low/track_0026227.mp3,/root/autodl-tmp/jazz_500_audio-low/track_0026227.mp3,27/26227.mp3,55.0,592316,7310E5E18A302BD83553F54D385D480E,mp3,44100,2,low-bitrate,archived
track_0026228,dataset/mtg-jamendo/jazz_test_500_audio-low/track_0026228.mp3,/root/autodl-tmp/jazz_500_audio-low/track_0026228.mp3,28/26228.mp3,223.4,2699404,F7DDBA1F935B71F253987C0D84262BDE,mp3,44100,2,low-bitrate,archived
track_0026230,dataset/mtg-jamendo/jazz_test_500_audio-low/track_0026230.mp3,/root/autodl-tmp/jazz_500_audio-low/track_0026230.mp3,30/26230.mp3,198.1,2313406,5F4D3B118D1E30022D20FBB61618E819,mp3,44100,2,low-bitrate,archived
track_0026232,dataset/mtg-jamendo/jazz_test_500_audio-low/track_0026232.mp3,/root/autodl-tmp/jazz_500_audio-low/track_0026232.mp3,32/26232.mp3,205.5,2451200,CACC219A9B7EF316FC0C2BD75AA270DC,mp3,44100,2,low-bitrate,archived
track_0026233,dataset/mtg-jamendo/jazz_test_500_audio-low/track_0026233.mp3,/root/autodl-tmp/jazz_500_audio-low/track_0026233.mp3,33/26233.mp3,111.3,1295766,23678A8554E3BF643B146EBE1FD147A7,mp3,44100,2,low-bitrate,archived
track_0026234,dataset/mtg-jamendo/jazz_test_500_audio-low/track_0026234.mp3,/root/autodl-tmp/jazz_500_audio-low/track_0026234.mp3,34/26234.mp3,379.8,4647736,DCAC167789DEC2FF7D2C56B1453DFD93,mp3,44100,2,low-bitrate,archived
track_0026235,dataset/mtg-jamendo/jazz_test_500_audio-low/track_0026235.mp3,/root/autodl-tmp/jazz_500_audio-low/track_0026235.mp3,35/26235.mp3,30.1,375747,A9647B06EC3919055E317EFE3D06A02A,mp3,44100,2,low-bitrate,archived
track_0030224,dataset/mtg-jamendo/jazz_test_500_audio-low/track_0030224.mp3,/root/autodl-tmp/jazz_500_audio-low/track_0030224.mp3,24/30224.mp3,290.0,3715283,AB217CA9E46E89E9F5C2A039A10A5FBE,mp3,44100,2,low-bitrate,archived
track_0030262,dataset/mtg-jamendo/jazz_test_500_audio-low/track_0030262.mp3,/root/autodl-tmp/jazz_500_audio-low/track_0030262.mp3,62/30262.mp3,440.3,5547976,0B4B8E45540404B35C4E9C752D7C6FC0,mp3,44100,2,low-bitrate,archived
track_0030866,dataset/mtg-jamendo/jazz_test_500_audio-low/track_0030866.mp3,/root/autodl-tmp/jazz_500_audio-low/track_0030866.mp3,66/30866.mp3,57.8,734380,143718B77487A6F90FFDB31F6A6B2F36,mp3,44100,2,low-bitrate,archived
track_0030867,dataset/mtg-jamendo/jazz_test_500_audio-low/track_0030867.mp3,/root/autodl-tmp/jazz_500_audio-low/track_0030867.mp3,67/30867.mp3,72.2,897840,713215DA0EC44196CE355B1367828F7E,mp3,44100,2,low-bitrate,archived
track_0033627,dataset/mtg-jamendo/jazz_test_500_audio-low/track_0033627.mp3,/root/autodl-tmp/jazz_500_audio-low/track_0033627.mp3,27/33627.mp3,201.7,2544374,7142D6F5406B5E5A8886EF08FD82FFE0,mp3,44100,2,low-bitrate,archived
track_0033628,dataset/mtg-jamendo/jazz_test_500_audio-low/track_0033628.mp3,/root/autodl-tmp/jazz_500_audio-low/track_0033628.mp3,28/33628.mp3,130.0,1606898,DC2C195671D829D11824121F16C69DB7,mp3,44100,2,low-bitrate,archived
track_0033629,dataset/mtg-jamendo/jazz_test_500_audio-low/track_0033629.mp3,/root/autodl-tmp/jazz_500_audio-low/track_0033629.mp3,29/33629.mp3,111.5,1289965,49B2E94C127DA29538B623AC09E53B29,mp3,44100,2,low-bitrate,archived
track_0033630,dataset/mtg-jamendo/jazz_test_500_audio-low/track_0033630.mp3,/root/autodl-tmp/jazz_500_audio-low/track_0033630.mp3,30/33630.mp3,157.5,1859333,F3D261FF67318B689E7AB55DBCE7F78F,mp3,44100,2,low-bitrate,archived
track_0033631,dataset/mtg-jamendo/jazz_test_500_audio-low/track_0033631.mp3,/root/autodl-tmp/jazz_500_audio-low/track_0033631.mp3,31/33631.mp3,88.0,1077598,B2A86492D91D2626BFAE8409BC7887B3,mp3,44100,2,low-bitrate,archived
track_0033632,dataset/mtg-jamendo/jazz_test_500_audio-low/track_0033632.mp3,/root/autodl-tmp/jazz_500_audio-low/track_0033632.mp3,32/33632.mp3,152.1,1830976,8E012889EE567EF051CC640E2D101701,mp3,44100,2,low-bitrate,archived
track_0033633,dataset/mtg-jamendo/jazz_test_500_audio-low/track_0033633.mp3,/root/autodl-tmp/jazz_500_audio-low/track_0033633.mp3,33/33633.mp3,111.3,1548577,DD66BAD6600102832D6AE3A6C8E7111B,mp3,44100,2,low-bitrate,archived
track_0033765,dataset/mtg-jamendo/jazz_test_500_audio-low/track_0033765.mp3,/root/autodl-tmp/jazz_500_audio-low/track_0033765.mp3,65/33765.mp3,494.8,6302590,D5ACFA6A6D9D3A8368D9449A4FB45111,mp3,44100,2,low-bitrate,archived
track_0033766,dataset/mtg-jamendo/jazz_test_500_audio-low/track_0033766.mp3,/root/autodl-tmp/jazz_500_audio-low/track_0033766.mp3,66/33766.mp3,354.3,4363946,77583E880945EB477FE8CB1E9209B787,mp3,44100,2,low-bitrate,archived
track_0033767,dataset/mtg-jamendo/jazz_test_500_audio-low/track_0033767.mp3,/root/autodl-tmp/jazz_500_audio-low/track_0033767.mp3,67/33767.mp3,361.0,4656336,C1DF0045364763E18E259B8296D26B24,mp3,44100,2,low-bitrate,archived
track_0033768,dataset/mtg-jamendo/jazz_test_500_audio-low/track_0033768.mp3,/root/autodl-tmp/jazz_500_audio-low/track_0033768.mp3,68/33768.mp3,181.7,2119250,6DC28807AE24B591509D4F15EDADD8D6,mp3,44100,2,low-bitrate,archived
track_0034517,dataset/mtg-jamendo/jazz_test_500_audio-low/track_0034517.mp3,/root/autodl-tmp/jazz_500_audio-low/track_0034517.mp3,17/34517.mp3,213.3,2620220,E09DA67136A86721BB25654C63B5860C,mp3,44100,2,low-bitrate,archived
track_0034518,dataset/mtg-jamendo/jazz_test_500_audio-low/track_0034518.mp3,/root/autodl-tmp/jazz_500_audio-low/track_0034518.mp3,18/34518.mp3,304.7,3697828,1762A1AB8E53F7DA65765BD9B637CEBC,mp3,44100,2,low-bitrate,archived
track_0034519,dataset/mtg-jamendo/jazz_test_500_audio-low/track_0034519.mp3,/root/autodl-tmp/jazz_500_audio-low/track_0034519.mp3,19/34519.mp3,276.1,3343274,2EA33A8AD233FF358421F5AAA59891C3,mp3,44100,2,low-bitrate,archived
track_0034520,dataset/mtg-jamendo/jazz_test_500_audio-low/track_0034520.mp3,/root/autodl-tmp/jazz_500_audio-low/track_0034520.mp3,20/34520.mp3,222.2,2702310,FDA31A6098B8BF63115B45607F750CC1,mp3,44100,2,low-bitrate,archived
track_0034558,dataset/mtg-jamendo/jazz_test_500_audio-low/track_0034558.mp3,/root/autodl-tmp/jazz_500_audio-low/track_0034558.mp3,58/34558.mp3,274.5,3364426,6B7FD7DF4F45959B75CAF1442781FA76,mp3,44100,2,low-bitrate,archived
track_0034575,dataset/mtg-jamendo/jazz_test_500_audio-low/track_0034575.mp3,/root/autodl-tmp/jazz_500_audio-low/track_0034575.mp3,75/34575.mp3,300.0,3776844,87003903D979A8392BC417187FCBFB2C,mp3,44100,2,low-bitrate,archived
track_0034576,dataset/mtg-jamendo/jazz_test_500_audio-low/track_0034576.mp3,/root/autodl-tmp/jazz_500_audio-low/track_0034576.mp3,76/34576.mp3,437.3,5453685,6BC1859205616020A8C0826A6F570C9C,mp3,44100,2,low-bitrate,archived
track_0034577,dataset/mtg-jamendo/jazz_test_500_audio-low/track_0034577.mp3,/root/autodl-tmp/jazz_500_audio-low/track_0034577.mp3,77/34577.mp3,436.0,5250447,B80FAA104149EA27602E2FA08DFAA892,mp3,44100,2,low-bitrate,archived
track_0034578,dataset/mtg-jamendo/jazz_test_500_audio-low/track_0034578.mp3,/root/autodl-tmp/jazz_500_audio-low/track_0034578.mp3,78/34578.mp3,285.6,3506136,207DB8AAE87EDCF0E9EAA8461F0F1307,mp3,44100,2,low-bitrate,archived
track_0034579,dataset/mtg-jamendo/jazz_test_500_audio-low/track_0034579.mp3,/root/autodl-tmp/jazz_500_audio-low/track_0034579.mp3,79/34579.mp3,390.6,4318005,C1D60B915C3EAF73DD92B9B8FB9E5E95,mp3,44100,2,low-bitrate,archived
track_0034580,dataset/mtg-jamendo/jazz_test_500_audio-low/track_0034580.mp3,/root/autodl-tmp/jazz_500_audio-low/track_0034580.mp3,80/34580.mp3,438.6,5489302,59D86C0BF29B63F2EDEDA5D96D4D60EF,mp3,44100,2,low-bitrate,archived
track_0034581,dataset/mtg-jamendo/jazz_test_500_audio-low/track_0034581.mp3,/root/autodl-tmp/jazz_500_audio-low/track_0034581.mp3,81/34581.mp3,253.0,3075186,D13938840B49E5283717A44CC5A94E03,mp3,44100,2,low-bitrate,archived
track_0034851,dataset/mtg-jamendo/jazz_test_500_audio-low/track_0034851.mp3,/root/autodl-tmp/jazz_500_audio-low/track_0034851.mp3,51/34851.mp3,222.6,3028375,1E0B78F147CE6CC92A6761876685DFEE,mp3,44100,2,low-bitrate,archived
track_0034852,dataset/mtg-jamendo/jazz_test_500_audio-low/track_0034852.mp3,/root/autodl-tmp/jazz_500_audio-low/track_0034852.mp3,52/34852.mp3,222.7,2820283,0A912BF32241E957597F5C6404DA4405,mp3,44100,2,low-bitrate,archived
track_0034853,dataset/mtg-jamendo/jazz_test_500_audio-low/track_0034853.mp3,/root/autodl-tmp/jazz_500_audio-low/track_0034853.mp3,53/34853.mp3,145.7,1883617,098E14719FDF5E9DD79B63747802F5E2,mp3,44100,2,low-bitrate,archived
track_0034854,dataset/mtg-jamendo/jazz_test_500_audio-low/track_0034854.mp3,/root/autodl-tmp/jazz_500_audio-low/track_0034854.mp3,54/34854.mp3,198.3,2590739,C4527F284EAC70CB12D37E162085E3E6,mp3,44100,2,low-bitrate,archived
track_0034855,dataset/mtg-jamendo/jazz_test_500_audio-low/track_0034855.mp3,/root/autodl-tmp/jazz_500_audio-low/track_0034855.mp3,55/34855.mp3,233.1,2913655,9791C0A2DE4A22E9639E6D2D348C97B3,mp3,44100,2,low-bitrate,archived
track_0034856,dataset/mtg-jamendo/jazz_test_500_audio-low/track_0034856.mp3,/root/autodl-tmp/jazz_500_audio-low/track_0034856.mp3,56/34856.mp3,281.1,3616712,FC5CA1FD073908ABA0625E97C900EAE7,mp3,44100,2,low-bitrate,archived
track_0034857,dataset/mtg-jamendo/jazz_test_500_audio-low/track_0034857.mp3,/root/autodl-tmp/jazz_500_audio-low/track_0034857.mp3,57/34857.mp3,251.7,3184671,3B2751DC597FF139D3AC04CD6A9822AF,mp3,44100,2,low-bitrate,archived
track_0034858,dataset/mtg-jamendo/jazz_test_500_audio-low/track_0034858.mp3,/root/autodl-tmp/jazz_500_audio-low/track_0034858.mp3,58/34858.mp3,264.8,3492323,254B378A151D38D2AA8A78969DAE13F8,mp3,44100,2,low-bitrate,archived
track_0034859,dataset/mtg-jamendo/jazz_test_500_audio-low/track_0034859.mp3,/root/autodl-tmp/jazz_500_audio-low/track_0034859.mp3,59/34859.mp3,122.1,1513945,C148910464C7DDDE4649F90672BFA71B,mp3,44100,2,low-bitrate,archived
track_0034860,dataset/mtg-jamendo/jazz_test_500_audio-low/track_0034860.mp3,/root/autodl-tmp/jazz_500_audio-low/track_0034860.mp3,60/34860.mp3,304.1,3714521,100E60810DD26F4E17BA0071282F40BC,mp3,44100,2,low-bitrate,archived
track_0034861,dataset/mtg-jamendo/jazz_test_500_audio-low/track_0034861.mp3,/root/autodl-tmp/jazz_500_audio-low/track_0034861.mp3,61/34861.mp3,214.6,2627099,51186074BF3F4D6ECE649FFD858479B8,mp3,44100,2,low-bitrate,archived
track_0037423,dataset/mtg-jamendo/jazz_test_500_audio-low/track_0037423.mp3,/root/autodl-tmp/jazz_500_audio-low/track_0037423.mp3,23/37423.mp3,229.5,3128186,049BEE663CBEFC3C7743D42580199262,mp3,44100,2,low-bitrate,archived
track_0037425,dataset/mtg-jamendo/jazz_test_500_audio-low/track_0037425.mp3,/root/autodl-tmp/jazz_500_audio-low/track_0037425.mp3,25/37425.mp3,243.6,3159374,BF026D3D831DFD56D4007F2F4398EDE1,mp3,44100,2,low-bitrate,archived
track_0037426,dataset/mtg-jamendo/jazz_test_500_audio-low/track_0037426.mp3,/root/autodl-tmp/jazz_500_audio-low/track_0037426.mp3,26/37426.mp3,130.0,1655543,9CDFA07495717EBBF93F5DF493EBDF74,mp3,44100,2,low-bitrate,archived
track_0038011,dataset/mtg-jamendo/jazz_test_500_audio-low/track_0038011.mp3,/root/autodl-tmp/jazz_500_audio-low/track_0038011.mp3,11/38011.mp3,229.4,2877450,1C2ACF59DC50323C84143298E2A7673D,mp3,44100,2,low-bitrate,archived
track_0038012,dataset/mtg-jamendo/jazz_test_500_audio-low/track_0038012.mp3,/root/autodl-tmp/jazz_500_audio-low/track_0038012.mp3,12/38012.mp3,225.7,2625320,A4F9B1F22963E7CF2D0E0D9D909D270F,mp3,44100,2,low-bitrate,archived
track_0038013,dataset/mtg-jamendo/jazz_test_500_audio-low/track_0038013.mp3,/root/autodl-tmp/jazz_500_audio-low/track_0038013.mp3,13/38013.mp3,132.7,1671971,E24714A73130470BEA4FB3F36C14B01C,mp3,44100,2,low-bitrate,archived
track_0038014,dataset/mtg-jamendo/jazz_test_500_audio-low/track_0038014.mp3,/root/autodl-tmp/jazz_500_audio-low/track_0038014.mp3,14/38014.mp3,279.6,3521021,F215235B4748EB01A80FB2DADA32F211,mp3,44100,2,low-bitrate,archived
track_0038015,dataset/mtg-jamendo/jazz_test_500_audio-low/track_0038015.mp3,/root/autodl-tmp/jazz_500_audio-low/track_0038015.mp3,15/38015.mp3,165.5,1940924,476AD92D945BD42550B33EE35F7640DD,mp3,44100,2,low-bitrate,archived
track_0038016,dataset/mtg-jamendo/jazz_test_500_audio-low/track_0038016.mp3,/root/autodl-tmp/jazz_500_audio-low/track_0038016.mp3,16/38016.mp3,164.9,2378177,C16439EF5139CE3A1C83AB917FCBB5E9,mp3,44100,2,low-bitrate,archived
track_0038017,dataset/mtg-jamendo/jazz_test_500_audio-low/track_0038017.mp3,/root/autodl-tmp/jazz_500_audio-low/track_0038017.mp3,17/38017.mp3,283.5,3532546,FEF47BAB518D0C82C42F74943AC33423,mp3,44100,2,low-bitrate,archived
track_0038018,dataset/mtg-jamendo/jazz_test_500_audio-low/track_0038018.mp3,/root/autodl-tmp/jazz_500_audio-low/track_0038018.mp3,18/38018.mp3,144.1,1717320,FD872F5C8ED9280D7B8FFCD142EB258D,mp3,44100,2,low-bitrate,archived
track_0038019,dataset/mtg-jamendo/jazz_test_500_audio-low/track_0038019.mp3,/root/autodl-tmp/jazz_500_audio-low/track_0038019.mp3,19/38019.mp3,164.5,2009507,AB94C4CD5CB7F6FB6029BF53CFDC9A80,mp3,44100,2,low-bitrate,archived
track_0038020,dataset/mtg-jamendo/jazz_test_500_audio-low/track_0038020.mp3,/root/autodl-tmp/jazz_500_audio-low/track_0038020.mp3,20/38020.mp3,93.9,1140664,4F33DF59A5E06AD3C56E7F4FB2F39963,mp3,44100,2,low-bitrate,archived
track_0038021,dataset/mtg-jamendo/jazz_test_500_audio-low/track_0038021.mp3,/root/autodl-tmp/jazz_500_audio-low/track_0038021.mp3,21/38021.mp3,86.6,1041764,05BF0793FEA32E5557730955E529245E,mp3,44100,2,low-bitrate,archived
track_0038022,dataset/mtg-jamendo/jazz_test_500_audio-low/track_0038022.mp3,/root/autodl-tmp/jazz_500_audio-low/track_0038022.mp3,22/38022.mp3,129.1,1502239,BC1A943BB771526C5B82D7E7C7DE260B,mp3,44100,2,low-bitrate,archived
track_0039954,dataset/mtg-jamendo/jazz_test_500_audio-low/track_0039954.mp3,/root/autodl-tmp/jazz_500_audio-low/track_0039954.mp3,54/39954.mp3,147.0,1794870,F0609D0275DFADC494AA9B42030F13D8,mp3,44100,2,low-bitrate,archived
track_0040299,dataset/mtg-jamendo/jazz_test_500_audio-low/track_0040299.mp3,/root/autodl-tmp/jazz_500_audio-low/track_0040299.mp3,99/40299.mp3,220.6,2873092,A14DB0441BA4988DC913C79DF1CC7174,mp3,44100,2,low-bitrate,archived
track_0040300,dataset/mtg-jamendo/jazz_test_500_audio-low/track_0040300.mp3,/root/autodl-tmp/jazz_500_audio-low/track_0040300.mp3,00/40300.mp3,210.0,2556776,8660671C724F32510EEE5C828EF3E505,mp3,44100,2,low-bitrate,archived
track_0040301,dataset/mtg-jamendo/jazz_test_500_audio-low/track_0040301.mp3,/root/autodl-tmp/jazz_500_audio-low/track_0040301.mp3,01/40301.mp3,332.5,4163453,DEB8699312322AEB4B84D5191F687100,mp3,44100,2,low-bitrate,archived
track_0040302,dataset/mtg-jamendo/jazz_test_500_audio-low/track_0040302.mp3,/root/autodl-tmp/jazz_500_audio-low/track_0040302.mp3,02/40302.mp3,226.4,2824080,B9E3477DFB64F5E44D69EE91B17498B8,mp3,44100,2,low-bitrate,archived
track_0040303,dataset/mtg-jamendo/jazz_test_500_audio-low/track_0040303.mp3,/root/autodl-tmp/jazz_500_audio-low/track_0040303.mp3,03/40303.mp3,203.9,2582388,3C83950D47AD92263BD89EEBB55AE26B,mp3,44100,2,low-bitrate,archived
track_0040304,dataset/mtg-jamendo/jazz_test_500_audio-low/track_0040304.mp3,/root/autodl-tmp/jazz_500_audio-low/track_0040304.mp3,04/40304.mp3,347.3,4318938,EDE12FE4064215C01B4BA3D7E185BDFE,mp3,44100,2,low-bitrate,archived
track_0040305,dataset/mtg-jamendo/jazz_test_500_audio-low/track_0040305.mp3,/root/autodl-tmp/jazz_500_audio-low/track_0040305.mp3,05/40305.mp3,318.9,4018113,482F80D3DA46464078FE767C2B145BC5,mp3,44100,2,low-bitrate,archived
track_0040306,dataset/mtg-jamendo/jazz_test_500_audio-low/track_0040306.mp3,/root/autodl-tmp/jazz_500_audio-low/track_0040306.mp3,06/40306.mp3,192.1,2519282,7C0DCB9CCF6CFAFFD23EBF570A509B61,mp3,44100,2,low-bitrate,archived
track_0043177,dataset/mtg-jamendo/jazz_test_500_audio-low/track_0043177.mp3,/root/autodl-tmp/jazz_500_audio-low/track_0043177.mp3,77/43177.mp3,127.8,1649724,AF675F2733BD21B5EB3198B7AF7ED47B,mp3,44100,2,low-bitrate,archived
track_0046048,dataset/mtg-jamendo/jazz_test_500_audio-low/track_0046048.mp3,/root/autodl-tmp/jazz_500_audio-low/track_0046048.mp3,48/46048.mp3,253.3,3251113,DBFA1DDE45492A6D11B6F3D96CB5B8F1,mp3,44100,2,low-bitrate,archived
track_0046488,dataset/mtg-jamendo/jazz_test_500_audio-low/track_0046488.mp3,/root/autodl-tmp/jazz_500_audio-low/track_0046488.mp3,88/46488.mp3,1566.8,18480562,4D123947ACAB05E164D54783448C1337,mp3,44100,2,low-bitrate,archived
track_0046489,dataset/mtg-jamendo/jazz_test_500_audio-low/track_0046489.mp3,/root/autodl-tmp/jazz_500_audio-low/track_0046489.mp3,89/46489.mp3,819.2,9773469,E999455ECD35970C3F7D38EF1D75C153,mp3,44100,2,low-bitrate,archived
track_0046559,dataset/mtg-jamendo/jazz_test_500_audio-low/track_0046559.mp3,/root/autodl-tmp/jazz_500_audio-low/track_0046559.mp3,59/46559.mp3,95.5,1187409,A57DC77FB1F83AE9B56CE278A628E7E5,mp3,44100,2,low-bitrate,archived
track_0047900,dataset/mtg-jamendo/jazz_test_500_audio-low/track_0047900.mp3,/root/autodl-tmp/jazz_500_audio-low/track_0047900.mp3,00/47900.mp3,199.6,2465384,C50F7F1FDCEC470F8FD070862C3174B0,mp3,44100,2,low-bitrate,archived
track_0048059,dataset/mtg-jamendo/jazz_test_500_audio-low/track_0048059.mp3,/root/autodl-tmp/jazz_500_audio-low/track_0048059.mp3,59/48059.mp3,521.1,6511709,72B5F766A8860FE16A7BDB37E11B38AC,mp3,44100,2,low-bitrate,archived
track_0048060,dataset/mtg-jamendo/jazz_test_500_audio-low/track_0048060.mp3,/root/autodl-tmp/jazz_500_audio-low/track_0048060.mp3,60/48060.mp3,432.4,5441156,4D0BA79EF3928416CBE2C9F1860E6159,mp3,44100,2,low-bitrate,archived
track_0048061,dataset/mtg-jamendo/jazz_test_500_audio-low/track_0048061.mp3,/root/autodl-tmp/jazz_500_audio-low/track_0048061.mp3,61/48061.mp3,376.7,4552721,B600A64B74F327EBABEE03C71FFF5D03,mp3,44100,2,low-bitrate,archived
track_0048062,dataset/mtg-jamendo/jazz_test_500_audio-low/track_0048062.mp3,/root/autodl-tmp/jazz_500_audio-low/track_0048062.mp3,62/48062.mp3,214.3,2708683,B7775B1B63967744C3E82CB2BCED26A6,mp3,44100,2,low-bitrate,archived
track_0048063,dataset/mtg-jamendo/jazz_test_500_audio-low/track_0048063.mp3,/root/autodl-tmp/jazz_500_audio-low/track_0048063.mp3,63/48063.mp3,555.9,6807118,951F2A8FF71516D231DFB93D9189B5B0,mp3,44100,2,low-bitrate,archived
track_0048064,dataset/mtg-jamendo/jazz_test_500_audio-low/track_0048064.mp3,/root/autodl-tmp/jazz_500_audio-low/track_0048064.mp3,64/48064.mp3,565.3,7226681,523EA928D5CB2D06CF117500AC4AD6B0,mp3,44100,2,low-bitrate,archived
track_0048065,dataset/mtg-jamendo/jazz_test_500_audio-low/track_0048065.mp3,/root/autodl-tmp/jazz_500_audio-low/track_0048065.mp3,65/48065.mp3,126.0,1537153,2FB119CBA0F3CB885C905EA976C7C74C,mp3,44100,2,low-bitrate,archived
track_0048066,dataset/mtg-jamendo/jazz_test_500_audio-low/track_0048066.mp3,/root/autodl-tmp/jazz_500_audio-low/track_0048066.mp3,66/48066.mp3,423.8,5286347,2D28BCD67D1D7A0BA5A62BEAAB340ADE,mp3,44100,2,low-bitrate,archived
track_0048067,dataset/mtg-jamendo/jazz_test_500_audio-low/track_0048067.mp3,/root/autodl-tmp/jazz_500_audio-low/track_0048067.mp3,67/48067.mp3,508.9,6532136,269FC55591A9ADB50D78AC58DD6DB5B1,mp3,44100,2,low-bitrate,archived
track_0048068,dataset/mtg-jamendo/jazz_test_500_audio-low/track_0048068.mp3,/root/autodl-tmp/jazz_500_audio-low/track_0048068.mp3,68/48068.mp3,610.8,7386572,10A1DA89115FEFA7675CF7630036BD11,mp3,44100,2,low-bitrate,archived
track_0048069,dataset/mtg-jamendo/jazz_test_500_audio-low/track_0048069.mp3,/root/autodl-tmp/jazz_500_audio-low/track_0048069.mp3,69/48069.mp3,545.8,6903396,D946F4950963B1F035E9E38C0B3969C4,mp3,44100,2,low-bitrate,archived
track_0048070,dataset/mtg-jamendo/jazz_test_500_audio-low/track_0048070.mp3,/root/autodl-tmp/jazz_500_audio-low/track_0048070.mp3,70/48070.mp3,584.7,6913059,9ABD0E4BAEC09B3863443498F9A4056B,mp3,44100,2,low-bitrate,archived
track_0048071,dataset/mtg-jamendo/jazz_test_500_audio-low/track_0048071.mp3,/root/autodl-tmp/jazz_500_audio-low/track_0048071.mp3,71/48071.mp3,505.9,6307819,745FED2564B8CE8A4858592C4091CE82,mp3,44100,2,low-bitrate,archived
track_0048072,dataset/mtg-jamendo/jazz_test_500_audio-low/track_0048072.mp3,/root/autodl-tmp/jazz_500_audio-low/track_0048072.mp3,72/48072.mp3,572.4,7308275,BCDE4F020A952F2692E4016EF1F9B204,mp3,44100,2,low-bitrate,archived
track_0048073,dataset/mtg-jamendo/jazz_test_500_audio-low/track_0048073.mp3,/root/autodl-tmp/jazz_500_audio-low/track_0048073.mp3,73/48073.mp3,657.6,8128993,CE181D7D67C55F84794267C29CE338BE,mp3,44100,2,low-bitrate,archived
track_0048076,dataset/mtg-jamendo/jazz_test_500_audio-low/track_0048076.mp3,/root/autodl-tmp/jazz_500_audio-low/track_0048076.mp3,76/48076.mp3,646.1,8167762,D5D3907E992083B2AB307EFA013DFD5B,mp3,44100,2,low-bitrate,archived
track_0048077,dataset/mtg-jamendo/jazz_test_500_audio-low/track_0048077.mp3,/root/autodl-tmp/jazz_500_audio-low/track_0048077.mp3,77/48077.mp3,467.4,5728043,194A0CC66CF9F1E55D07E0363BC1CDCE,mp3,44100,2,low-bitrate,archived
track_0048078,dataset/mtg-jamendo/jazz_test_500_audio-low/track_0048078.mp3,/root/autodl-tmp/jazz_500_audio-low/track_0048078.mp3,78/48078.mp3,359.1,4460671,4E75318B6F66B6FC302F046A0BE05D85,mp3,44100,2,low-bitrate,archived
track_0048079,dataset/mtg-jamendo/jazz_test_500_audio-low/track_0048079.mp3,/root/autodl-tmp/jazz_500_audio-low/track_0048079.mp3,79/48079.mp3,348.4,4355172,DF04859223604117DE53377E389C83D8,mp3,44100,2,low-bitrate,archived
track_0048166,dataset/mtg-jamendo/jazz_test_500_audio-low/track_0048166.mp3,/root/autodl-tmp/jazz_500_audio-low/track_0048166.mp3,66/48166.mp3,235.9,2872815,2C784CF25F83ADF9819010CFCDE2C2C4,mp3,44100,2,low-bitrate,archived
track_0048581,dataset/mtg-jamendo/jazz_test_500_audio-low/track_0048581.mp3,/root/autodl-tmp/jazz_500_audio-low/track_0048581.mp3,81/48581.mp3,563.9,6748581,DC7541E8CB162CFB1574C9FF42A989D5,mp3,44100,2,low-bitrate,archived
track_0048582,dataset/mtg-jamendo/jazz_test_500_audio-low/track_0048582.mp3,/root/autodl-tmp/jazz_500_audio-low/track_0048582.mp3,82/48582.mp3,561.2,6840559,A715B90BCDF2BC907DFB190EFC1AF945,mp3,44100,2,low-bitrate,archived
track_0048583,dataset/mtg-jamendo/jazz_test_500_audio-low/track_0048583.mp3,/root/autodl-tmp/jazz_500_audio-low/track_0048583.mp3,83/48583.mp3,625.2,7415217,052C06CA2EC9001ACCC164521729EC1D,mp3,44100,2,low-bitrate,archived
track_0048584,dataset/mtg-jamendo/jazz_test_500_audio-low/track_0048584.mp3,/root/autodl-tmp/jazz_500_audio-low/track_0048584.mp3,84/48584.mp3,348.9,4165430,D4476714E7E17EAA16FE3BA644C05133,mp3,44100,2,low-bitrate,archived
track_0048585,dataset/mtg-jamendo/jazz_test_500_audio-low/track_0048585.mp3,/root/autodl-tmp/jazz_500_audio-low/track_0048585.mp3,85/48585.mp3,853.2,10181807,D8B448319B795D870B1F0FAE40F66F15,mp3,44100,2,low-bitrate,archived
track_0048586,dataset/mtg-jamendo/jazz_test_500_audio-low/track_0048586.mp3,/root/autodl-tmp/jazz_500_audio-low/track_0048586.mp3,86/48586.mp3,467.2,5587126,6EC834E5CA9D802E488D54D17CD0C63A,mp3,44100,2,low-bitrate,archived
track_0048587,dataset/mtg-jamendo/jazz_test_500_audio-low/track_0048587.mp3,/root/autodl-tmp/jazz_500_audio-low/track_0048587.mp3,87/48587.mp3,724.7,8731815,653ADD0BC37F871708C7398CB7E9A1B7,mp3,44100,2,low-bitrate,archived
track_0048588,dataset/mtg-jamendo/jazz_test_500_audio-low/track_0048588.mp3,/root/autodl-tmp/jazz_500_audio-low/track_0048588.mp3,88/48588.mp3,515.5,6233539,9039D8342D24DEC6FF0DE4162CC35C20,mp3,44100,2,low-bitrate,archived
track_0048589,dataset/mtg-jamendo/jazz_test_500_audio-low/track_0048589.mp3,/root/autodl-tmp/jazz_500_audio-low/track_0048589.mp3,89/48589.mp3,634.3,7604575,733E7738AE6A1DB7012B114A6EDE7155,mp3,44100,2,low-bitrate,archived
track_0048590,dataset/mtg-jamendo/jazz_test_500_audio-low/track_0048590.mp3,/root/autodl-tmp/jazz_500_audio-low/track_0048590.mp3,90/48590.mp3,727.5,8674025,238054727E62E86FFDCE8D5B7E12480E,mp3,44100,2,low-bitrate,archived
track_0048591,dataset/mtg-jamendo/jazz_test_500_audio-low/track_0048591.mp3,/root/autodl-tmp/jazz_500_audio-low/track_0048591.mp3,91/48591.mp3,509.4,6316845,0E6E4F68F3C7021E2F8CB2F4C33C4DEE,mp3,44100,2,low-bitrate,archived
track_0048592,dataset/mtg-jamendo/jazz_test_500_audio-low/track_0048592.mp3,/root/autodl-tmp/jazz_500_audio-low/track_0048592.mp3,92/48592.mp3,695.6,8198062,D4E57D985C2974561B4519EB9D308C15,mp3,44100,2,low-bitrate,archived
track_0048593,dataset/mtg-jamendo/jazz_test_500_audio-low/track_0048593.mp3,/root/autodl-tmp/jazz_500_audio-low/track_0048593.mp3,93/48593.mp3,495.6,5660405,09F2960F578D961AFD7081761CFFA7BA,mp3,44100,2,low-bitrate,archived
track_0048594,dataset/mtg-jamendo/jazz_test_500_audio-low/track_0048594.mp3,/root/autodl-tmp/jazz_500_audio-low/track_0048594.mp3,94/48594.mp3,467.4,5257457,85360213CBE7C8FC7AA5BA8400C7499B,mp3,44100,2,low-bitrate,archived
track_0048595,dataset/mtg-jamendo/jazz_test_500_audio-low/track_0048595.mp3,/root/autodl-tmp/jazz_500_audio-low/track_0048595.mp3,95/48595.mp3,600.2,6821031,A68192D7095D827AE367E5128CCAB814,mp3,44100,2,low-bitrate,archived
track_0048596,dataset/mtg-jamendo/jazz_test_500_audio-low/track_0048596.mp3,/root/autodl-tmp/jazz_500_audio-low/track_0048596.mp3,96/48596.mp3,576.0,6797751,71C29DD309E810DE00C3131B6B86F0FD,mp3,44100,2,low-bitrate,archived
track_0048597,dataset/mtg-jamendo/jazz_test_500_audio-low/track_0048597.mp3,/root/autodl-tmp/jazz_500_audio-low/track_0048597.mp3,97/48597.mp3,422.5,4951909,8BE455D9C8AA98808C57D2396023051D,mp3,44100,2,low-bitrate,archived
track_0048598,dataset/mtg-jamendo/jazz_test_500_audio-low/track_0048598.mp3,/root/autodl-tmp/jazz_500_audio-low/track_0048598.mp3,98/48598.mp3,513.5,6059580,6816DEEF405AF6378DB13A4568584332,mp3,44100,2,low-bitrate,archived
track_0048719,dataset/mtg-jamendo/jazz_test_500_audio-low/track_0048719.mp3,/root/autodl-tmp/jazz_500_audio-low/track_0048719.mp3,19/48719.mp3,288.0,3414287,908754115890E49BE78EDCF4D57C12CE,mp3,44100,2,low-bitrate,archived
track_0048720,dataset/mtg-jamendo/jazz_test_500_audio-low/track_0048720.mp3,/root/autodl-tmp/jazz_500_audio-low/track_0048720.mp3,20/48720.mp3,281.1,2964582,1AB519C1304BA8E259616ACA370C5390,mp3,44100,2,low-bitrate,archived
track_0048721,dataset/mtg-jamendo/jazz_test_500_audio-low/track_0048721.mp3,/root/autodl-tmp/jazz_500_audio-low/track_0048721.mp3,21/48721.mp3,171.0,2081664,C8A42A300CA319A7AEAE019F52DC1D87,mp3,44100,2,low-bitrate,archived
track_0048722,dataset/mtg-jamendo/jazz_test_500_audio-low/track_0048722.mp3,/root/autodl-tmp/jazz_500_audio-low/track_0048722.mp3,22/48722.mp3,283.1,3657777,3F50C90FBB43E380B64A836F3E756FEA,mp3,44100,2,low-bitrate,archived
track_0048723,dataset/mtg-jamendo/jazz_test_500_audio-low/track_0048723.mp3,/root/autodl-tmp/jazz_500_audio-low/track_0048723.mp3,23/48723.mp3,249.5,2828292,5D4CD1F17F94314F8EB3182C2B841CDC,mp3,44100,2,low-bitrate,archived
track_0048724,dataset/mtg-jamendo/jazz_test_500_audio-low/track_0048724.mp3,/root/autodl-tmp/jazz_500_audio-low/track_0048724.mp3,24/48724.mp3,217.6,2783960,B10A38AA06DEADEAEEB4CA8FC7E5D1D7,mp3,44100,2,low-bitrate,archived
track_0048725,dataset/mtg-jamendo/jazz_test_500_audio-low/track_0048725.mp3,/root/autodl-tmp/jazz_500_audio-low/track_0048725.mp3,25/48725.mp3,204.3,2139399,AA910571863A54FC96BB7BE7CA037A81,mp3,44100,2,low-bitrate,archived
track_0048726,dataset/mtg-jamendo/jazz_test_500_audio-low/track_0048726.mp3,/root/autodl-tmp/jazz_500_audio-low/track_0048726.mp3,26/48726.mp3,136.9,1439230,AB01CD8A2A95A8BF5495BBD1F804B1AC,mp3,44100,2,low-bitrate,archived
track_0048727,dataset/mtg-jamendo/jazz_test_500_audio-low/track_0048727.mp3,/root/autodl-tmp/jazz_500_audio-low/track_0048727.mp3,27/48727.mp3,269.5,2616717,FBD3AECDF96D4B22008C4BFC317D1D43,mp3,44100,2,low-bitrate,archived
track_0049014,dataset/mtg-jamendo/jazz_test_500_audio-low/track_0049014.mp3,/root/autodl-tmp/jazz_500_audio-low/track_0049014.mp3,14/49014.mp3,376.1,5021601,8B6382B8F7B1669AC266C196C58768B6,mp3,44100,2,low-bitrate,archived
track_0056450,dataset/mtg-jamendo/jazz_test_500_audio-low/track_0056450.mp3,/root/autodl-tmp/jazz_500_audio-low/track_0056450.mp3,50/56450.mp3,211.8,2756436,AA234A5F8297735D2308857B6951AC53,mp3,44100,2,low-bitrate,archived
track_0057266,dataset/mtg-jamendo/jazz_test_500_audio-low/track_0057266.mp3,/root/autodl-tmp/jazz_500_audio-low/track_0057266.mp3,66/57266.mp3,305.0,4008847,16F951EB7EAD26F60790707717D1113B,mp3,44100,2,low-bitrate,archived
track_0057860,dataset/mtg-jamendo/jazz_test_500_audio-low/track_0057860.mp3,/root/autodl-tmp/jazz_500_audio-low/track_0057860.mp3,60/57860.mp3,518.0,5071011,B345AA1A8A2BA427D176C1B08E0C7B45,mp3,44100,2,low-bitrate,archived
track_0057861,dataset/mtg-jamendo/jazz_test_500_audio-low/track_0057861.mp3,/root/autodl-tmp/jazz_500_audio-low/track_0057861.mp3,61/57861.mp3,452.0,4005443,9B4FA17060A845F83C325826D70D46B1,mp3,44100,2,low-bitrate,archived
track_0061548,dataset/mtg-jamendo/jazz_test_500_audio-low/track_0061548.mp3,/root/autodl-tmp/jazz_500_audio-low/track_0061548.mp3,48/61548.mp3,193.9,2591257,841AF0CAB415432C68BDE29BA321513D,mp3,44100,2,low-bitrate,archived
track_0073117,dataset/mtg-jamendo/jazz_test_500_audio-low/track_0073117.mp3,/root/autodl-tmp/jazz_500_audio-low/track_0073117.mp3,17/73117.mp3,510.0,6478814,DD084A6949701FA7015D9C44EDCF5AB6,mp3,44100,2,low-bitrate,archived
track_0073118,dataset/mtg-jamendo/jazz_test_500_audio-low/track_0073118.mp3,/root/autodl-tmp/jazz_500_audio-low/track_0073118.mp3,18/73118.mp3,199.2,2296877,71AD001EF0FF653EFAC755C0DA735B90,mp3,44100,2,low-bitrate,archived
track_0073119,dataset/mtg-jamendo/jazz_test_500_audio-low/track_0073119.mp3,/root/autodl-tmp/jazz_500_audio-low/track_0073119.mp3,19/73119.mp3,285.7,3789287,FAA4641A4EEBE77AE3CCD47D89E8E76F,mp3,44100,2,low-bitrate,archived
track_0073120,dataset/mtg-jamendo/jazz_test_500_audio-low/track_0073120.mp3,/root/autodl-tmp/jazz_500_audio-low/track_0073120.mp3,20/73120.mp3,228.1,3001050,EF600FAC2387086FCE25EC3B5F853F78,mp3,44100,2,low-bitrate,archived
track_0073121,dataset/mtg-jamendo/jazz_test_500_audio-low/track_0073121.mp3,/root/autodl-tmp/jazz_500_audio-low/track_0073121.mp3,21/73121.mp3,307.1,3911115,A1DB0447C188E7EBBF1B5D40711118C1,mp3,44100,2,low-bitrate,archived
track_0073122,dataset/mtg-jamendo/jazz_test_500_audio-low/track_0073122.mp3,/root/autodl-tmp/jazz_500_audio-low/track_0073122.mp3,22/73122.mp3,207.6,2500323,67062B469CE195B35B3F1BC120AA25D7,mp3,44100,2,low-bitrate,archived
track_0073123,dataset/mtg-jamendo/jazz_test_500_audio-low/track_0073123.mp3,/root/autodl-tmp/jazz_500_audio-low/track_0073123.mp3,23/73123.mp3,279.4,3239489,2A2F6E7E42BE19C22717C89F052B4E47,mp3,44100,2,low-bitrate,archived
track_0073124,dataset/mtg-jamendo/jazz_test_500_audio-low/track_0073124.mp3,/root/autodl-tmp/jazz_500_audio-low/track_0073124.mp3,24/73124.mp3,256.4,3857909,D6F27EE9CB35C0E124A799F9770E7B01,mp3,44100,2,low-bitrate,archived
track_0073125,dataset/mtg-jamendo/jazz_test_500_audio-low/track_0073125.mp3,/root/autodl-tmp/jazz_500_audio-low/track_0073125.mp3,25/73125.mp3,218.7,2307349,8CA06C88A73BBB14A8BAB83C8AA0C897,mp3,44100,2,low-bitrate,archived
track_0073985,dataset/mtg-jamendo/jazz_test_500_audio-low/track_0073985.mp3,/root/autodl-tmp/jazz_500_audio-low/track_0073985.mp3,85/73985.mp3,326.0,4184313,AB5A934C55B4277C9722E7B2D6F0EE72,mp3,44100,2,low-bitrate,archived
track_0073986,dataset/mtg-jamendo/jazz_test_500_audio-low/track_0073986.mp3,/root/autodl-tmp/jazz_500_audio-low/track_0073986.mp3,86/73986.mp3,306.3,3811932,DE0CB821742E382C12275D2C49D9800C,mp3,44100,2,low-bitrate,archived
track_0073987,dataset/mtg-jamendo/jazz_test_500_audio-low/track_0073987.mp3,/root/autodl-tmp/jazz_500_audio-low/track_0073987.mp3,87/73987.mp3,329.5,4342856,F6A30A0EB3A2630263FB5BBC5501F648,mp3,44100,2,low-bitrate,archived
track_0073988,dataset/mtg-jamendo/jazz_test_500_audio-low/track_0073988.mp3,/root/autodl-tmp/jazz_500_audio-low/track_0073988.mp3,88/73988.mp3,255.8,2879329,F2FFF1141774E9D9FC1644AF358DDC7B,mp3,44100,2,low-bitrate,archived
track_0073989,dataset/mtg-jamendo/jazz_test_500_audio-low/track_0073989.mp3,/root/autodl-tmp/jazz_500_audio-low/track_0073989.mp3,89/73989.mp3,384.4,4951490,C62E15441CFE96E6BEDD53C7E1E4DC79,mp3,44100,2,low-bitrate,archived
track_0073990,dataset/mtg-jamendo/jazz_test_500_audio-low/track_0073990.mp3,/root/autodl-tmp/jazz_500_audio-low/track_0073990.mp3,90/73990.mp3,374.7,4781738,377EA2B12ABF814A887B30FC7C81AEAD,mp3,44100,2,low-bitrate,archived
track_0073991,dataset/mtg-jamendo/jazz_test_500_audio-low/track_0073991.mp3,/root/autodl-tmp/jazz_500_audio-low/track_0073991.mp3,91/73991.mp3,491.1,6077153,8D6F51001BAD5060781356A7D920DC0D,mp3,44100,2,low-bitrate,archived
track_0073992,dataset/mtg-jamendo/jazz_test_500_audio-low/track_0073992.mp3,/root/autodl-tmp/jazz_500_audio-low/track_0073992.mp3,92/73992.mp3,414.7,4976837,EA619BCC525F76B1446066A4445CA3C6,mp3,44100,2,low-bitrate,archived
track_0073993,dataset/mtg-jamendo/jazz_test_500_audio-low/track_0073993.mp3,/root/autodl-tmp/jazz_500_audio-low/track_0073993.mp3,93/73993.mp3,332.5,4396661,DBEA146C1F14B25384F579DB37070CE1,mp3,44100,2,low-bitrate,archived
track_0073994,dataset/mtg-jamendo/jazz_test_500_audio-low/track_0073994.mp3,/root/autodl-tmp/jazz_500_audio-low/track_0073994.mp3,94/73994.mp3,248.1,3189753,495636CC5D24D012C6593457BE5F56C1,mp3,44100,2,low-bitrate,archived
track_0073995,dataset/mtg-jamendo/jazz_test_500_audio-low/track_0073995.mp3,/root/autodl-tmp/jazz_500_audio-low/track_0073995.mp3,95/73995.mp3,362.8,4816293,31B3BDA43503D0B0E720CDF42CC0E6B1,mp3,44100,2,low-bitrate,archived
track_0073996,dataset/mtg-jamendo/jazz_test_500_audio-low/track_0073996.mp3,/root/autodl-tmp/jazz_500_audio-low/track_0073996.mp3,96/73996.mp3,347.8,4493608,E7C982CED027B3AF16F7836C0DA1F3CF,mp3,44100,2,low-bitrate,archived
track_0073997,dataset/mtg-jamendo/jazz_test_500_audio-low/track_0073997.mp3,/root/autodl-tmp/jazz_500_audio-low/track_0073997.mp3,97/73997.mp3,249.8,3272280,257C8762E3B51879F8D21705672283D2,mp3,44100,2,low-bitrate,archived
track_0073998,dataset/mtg-jamendo/jazz_test_500_audio-low/track_0073998.mp3,/root/autodl-tmp/jazz_500_audio-low/track_0073998.mp3,98/73998.mp3,311.6,4035573,AA2DEA586F3752A00223874E96B1E31B,mp3,44100,2,low-bitrate,archived
track_0073999,dataset/mtg-jamendo/jazz_test_500_audio-low/track_0073999.mp3,/root/autodl-tmp/jazz_500_audio-low/track_0073999.mp3,99/73999.mp3,333.2,4111454,B1C23264D5806962FA37E4BB7C6A8F90,mp3,44100,2,low-bitrate,archived
track_0074000,dataset/mtg-jamendo/jazz_test_500_audio-low/track_0074000.mp3,/root/autodl-tmp/jazz_500_audio-low/track_0074000.mp3,00/74000.mp3,352.2,4237147,B0E993249716FDB73F5F0139BE566852,mp3,44100,2,low-bitrate,archived
track_0074001,dataset/mtg-jamendo/jazz_test_500_audio-low/track_0074001.mp3,/root/autodl-tmp/jazz_500_audio-low/track_0074001.mp3,01/74001.mp3,240.8,3055565,4706E4B1C80DBB4E76270A491CBA6670,mp3,44100,2,low-bitrate,archived
track_0074269,dataset/mtg-jamendo/jazz_test_500_audio-low/track_0074269.mp3,/root/autodl-tmp/jazz_500_audio-low/track_0074269.mp3,69/74269.mp3,265.9,3045452,275A0A269B4E389F4B9C5DD49F5E8C82,mp3,44100,2,low-bitrate,archived
track_0074270,dataset/mtg-jamendo/jazz_test_500_audio-low/track_0074270.mp3,/root/autodl-tmp/jazz_500_audio-low/track_0074270.mp3,70/74270.mp3,327.3,3732571,1719B1EAF9D633D9CB77639FAB766E5A,mp3,44100,2,low-bitrate,archived
track_0074272,dataset/mtg-jamendo/jazz_test_500_audio-low/track_0074272.mp3,/root/autodl-tmp/jazz_500_audio-low/track_0074272.mp3,72/74272.mp3,272.5,3080661,F8A1792D1ECB5ECDC45EC46DCFF2CAAC,mp3,44100,2,low-bitrate,archived
track_0076023,dataset/mtg-jamendo/jazz_test_500_audio-low/track_0076023.mp3,/root/autodl-tmp/jazz_500_audio-low/track_0076023.mp3,23/76023.mp3,253.6,3140041,47A1165008C090A15EA595C1F81953CE,mp3,44100,2,low-bitrate,archived
track_0077425,dataset/mtg-jamendo/jazz_test_500_audio-low/track_0077425.mp3,/root/autodl-tmp/jazz_500_audio-low/track_0077425.mp3,25/77425.mp3,760.1,6470150,191A39156C983FED1BD991062D3E40A1,mp3,44100,2,low-bitrate,archived
track_0077926,dataset/mtg-jamendo/jazz_test_500_audio-low/track_0077926.mp3,/root/autodl-tmp/jazz_500_audio-low/track_0077926.mp3,26/77926.mp3,386.7,4842716,8F5DE813B294601D6B3263F3F4E63B0B,mp3,44100,2,low-bitrate,archived
track_0077927,dataset/mtg-jamendo/jazz_test_500_audio-low/track_0077927.mp3,/root/autodl-tmp/jazz_500_audio-low/track_0077927.mp3,27/77927.mp3,660.8,8990514,5B7E445A8A54C0459F17F0B6C5906C95,mp3,44100,2,low-bitrate,archived
track_0077928,dataset/mtg-jamendo/jazz_test_500_audio-low/track_0077928.mp3,/root/autodl-tmp/jazz_500_audio-low/track_0077928.mp3,28/77928.mp3,487.6,7562268,90449131B7F05EF0DC60C8A3BF84AE84,mp3,44100,2,low-bitrate,archived
track_0077929,dataset/mtg-jamendo/jazz_test_500_audio-low/track_0077929.mp3,/root/autodl-tmp/jazz_500_audio-low/track_0077929.mp3,29/77929.mp3,610.4,8888313,0D21C52E2CBC034C37D04900CCDF116B,mp3,44100,2,low-bitrate,archived
track_0077930,dataset/mtg-jamendo/jazz_test_500_audio-low/track_0077930.mp3,/root/autodl-tmp/jazz_500_audio-low/track_0077930.mp3,30/77930.mp3,578.1,7607744,45BD6081715F89D1DD55C6A9387414AD,mp3,44100,2,low-bitrate,archived
track_0077931,dataset/mtg-jamendo/jazz_test_500_audio-low/track_0077931.mp3,/root/autodl-tmp/jazz_500_audio-low/track_0077931.mp3,31/77931.mp3,306.1,4389488,35551B9ACB162FFE3E94CC98ABB96669,mp3,44100,2,low-bitrate,archived
track_0078219,dataset/mtg-jamendo/jazz_test_500_audio-low/track_0078219.mp3,/root/autodl-tmp/jazz_500_audio-low/track_0078219.mp3,19/78219.mp3,306.6,3995957,CBC2757B82BC9336E0072EDA23AA1BB2,mp3,44100,2,low-bitrate,archived
track_0078220,dataset/mtg-jamendo/jazz_test_500_audio-low/track_0078220.mp3,/root/autodl-tmp/jazz_500_audio-low/track_0078220.mp3,20/78220.mp3,272.3,3389979,ABBA72CDEAC0092E0F10D1E45AC5F013,mp3,44100,2,low-bitrate,archived
track_0078221,dataset/mtg-jamendo/jazz_test_500_audio-low/track_0078221.mp3,/root/autodl-tmp/jazz_500_audio-low/track_0078221.mp3,21/78221.mp3,310.4,4030968,45011EF5CFB917CF26D313B844E47C6D,mp3,44100,2,low-bitrate,archived
track_0078222,dataset/mtg-jamendo/jazz_test_500_audio-low/track_0078222.mp3,/root/autodl-tmp/jazz_500_audio-low/track_0078222.mp3,22/78222.mp3,339.3,4418959,C91314D7B9D55FCCAEE65A8F879DA7AB,mp3,44100,2,low-bitrate,archived
track_0078223,dataset/mtg-jamendo/jazz_test_500_audio-low/track_0078223.mp3,/root/autodl-tmp/jazz_500_audio-low/track_0078223.mp3,23/78223.mp3,321.3,4244315,6433D2AC6156C7732E7FC77850198365,mp3,44100,2,low-bitrate,archived
track_0078224,dataset/mtg-jamendo/jazz_test_500_audio-low/track_0078224.mp3,/root/autodl-tmp/jazz_500_audio-low/track_0078224.mp3,24/78224.mp3,315.1,4031944,A6AF841C3D047446FE036BB3771AD673,mp3,44100,2,low-bitrate,archived
track_0078225,dataset/mtg-jamendo/jazz_test_500_audio-low/track_0078225.mp3,/root/autodl-tmp/jazz_500_audio-low/track_0078225.mp3,25/78225.mp3,377.5,5002601,50EA56CAC5FB770284FA163D49788FB7,mp3,44100,2,low-bitrate,archived
track_0078226,dataset/mtg-jamendo/jazz_test_500_audio-low/track_0078226.mp3,/root/autodl-tmp/jazz_500_audio-low/track_0078226.mp3,26/78226.mp3,267.0,3486280,3E5E9CC4183BE5BFE3FD5E9770987BB2,mp3,44100,2,low-bitrate,archived
track_0078227,dataset/mtg-jamendo/jazz_test_500_audio-low/track_0078227.mp3,/root/autodl-tmp/jazz_500_audio-low/track_0078227.mp3,27/78227.mp3,317.7,4163831,1613023DFBF41B8CB2278935426B0D13,mp3,44100,2,low-bitrate,archived
track_0078228,dataset/mtg-jamendo/jazz_test_500_audio-low/track_0078228.mp3,/root/autodl-tmp/jazz_500_audio-low/track_0078228.mp3,28/78228.mp3,454.5,5771374,889A7827F9ED2E051477F7E046F19E64,mp3,44100,2,low-bitrate,archived
track_0078229,dataset/mtg-jamendo/jazz_test_500_audio-low/track_0078229.mp3,/root/autodl-tmp/jazz_500_audio-low/track_0078229.mp3,29/78229.mp3,186.4,2341982,BE44D887D6C18842A543EBEEB1ED13C2,mp3,44100,2,low-bitrate,archived
track_0078230,dataset/mtg-jamendo/jazz_test_500_audio-low/track_0078230.mp3,/root/autodl-tmp/jazz_500_audio-low/track_0078230.mp3,30/78230.mp3,313.2,4053504,548A9F6D585878464C00D69E225EAE80,mp3,44100,2,low-bitrate,archived
track_0078231,dataset/mtg-jamendo/jazz_test_500_audio-low/track_0078231.mp3,/root/autodl-tmp/jazz_500_audio-low/track_0078231.mp3,31/78231.mp3,467.6,6577631,FE3FFF9D974936701A385573989875B1,mp3,44100,2,low-bitrate,archived
track_0078305,dataset/mtg-jamendo/jazz_test_500_audio-low/track_0078305.mp3,/root/autodl-tmp/jazz_500_audio-low/track_0078305.mp3,05/78305.mp3,199.5,2427070,48156A1F041EC6CB14CE1D3C5FA43955,mp3,44100,2,low-bitrate,archived
track_0078708,dataset/mtg-jamendo/jazz_test_500_audio-low/track_0078708.mp3,/root/autodl-tmp/jazz_500_audio-low/track_0078708.mp3,08/78708.mp3,206.9,2641189,31296C22F12A11440315D469B1B13057,mp3,44100,2,low-bitrate,archived
track_0078709,dataset/mtg-jamendo/jazz_test_500_audio-low/track_0078709.mp3,/root/autodl-tmp/jazz_500_audio-low/track_0078709.mp3,09/78709.mp3,189.4,2280018,81DA76DBCFEDBB08805160C6244B2E5F,mp3,44100,2,low-bitrate,archived
track_0081364,dataset/mtg-jamendo/jazz_test_500_audio-low/track_0081364.mp3,/root/autodl-tmp/jazz_500_audio-low/track_0081364.mp3,64/81364.mp3,325.3,3810992,E4130A2D850CE0B05E8453092C1DBE5D,mp3,44100,2,low-bitrate,archived
track_0081503,dataset/mtg-jamendo/jazz_test_500_audio-low/track_0081503.mp3,/root/autodl-tmp/jazz_500_audio-low/track_0081503.mp3,03/81503.mp3,288.3,3805848,809E4D3CA0F9D939597676CB994A36AF,mp3,44100,2,low-bitrate,archived
track_0081504,dataset/mtg-jamendo/jazz_test_500_audio-low/track_0081504.mp3,/root/autodl-tmp/jazz_500_audio-low/track_0081504.mp3,04/81504.mp3,255.6,3332861,6EE56B05FAF281079538110281018D3D,mp3,44100,2,low-bitrate,archived
track_0081505,dataset/mtg-jamendo/jazz_test_500_audio-low/track_0081505.mp3,/root/autodl-tmp/jazz_500_audio-low/track_0081505.mp3,05/81505.mp3,299.0,3961448,CF32D0E4B8ADDC5FEED251CF3DE19318,mp3,44100,2,low-bitrate,archived
track_0081506,dataset/mtg-jamendo/jazz_test_500_audio-low/track_0081506.mp3,/root/autodl-tmp/jazz_500_audio-low/track_0081506.mp3,06/81506.mp3,332.2,4179637,74156DEB2C2B6EC7D65BE37A5905E535,mp3,44100,2,low-bitrate,archived
track_0081507,dataset/mtg-jamendo/jazz_test_500_audio-low/track_0081507.mp3,/root/autodl-tmp/jazz_500_audio-low/track_0081507.mp3,07/81507.mp3,239.2,3006004,7A6631A56F92496BA33EF2099C694800,mp3,44100,2,low-bitrate,archived
track_0081508,dataset/mtg-jamendo/jazz_test_500_audio-low/track_0081508.mp3,/root/autodl-tmp/jazz_500_audio-low/track_0081508.mp3,08/81508.mp3,255.2,3393969,BD84015FACBDAE1B3017ABE2668707D2,mp3,44100,2,low-bitrate,archived
track_0081509,dataset/mtg-jamendo/jazz_test_500_audio-low/track_0081509.mp3,/root/autodl-tmp/jazz_500_audio-low/track_0081509.mp3,09/81509.mp3,181.6,2476179,4B869D207F1FE2EE7E542D79A3568745,mp3,44100,2,low-bitrate,archived
track_0081510,dataset/mtg-jamendo/jazz_test_500_audio-low/track_0081510.mp3,/root/autodl-tmp/jazz_500_audio-low/track_0081510.mp3,10/81510.mp3,277.9,3408914,86E155A0F2E4D46645A777D57EF264A5,mp3,44100,2,low-bitrate,archived
track_0081800,dataset/mtg-jamendo/jazz_test_500_audio-low/track_0081800.mp3,/root/autodl-tmp/jazz_500_audio-low/track_0081800.mp3,00/81800.mp3,336.5,4067239,C0C5D760A62FAC92B0EDA2560F11396E,mp3,44100,2,low-bitrate,archived
track_0081801,dataset/mtg-jamendo/jazz_test_500_audio-low/track_0081801.mp3,/root/autodl-tmp/jazz_500_audio-low/track_0081801.mp3,01/81801.mp3,256.1,3143840,B7ED191A51AB8B3F2C91518A5C8AFC57,mp3,44100,2,low-bitrate,archived
track_0081802,dataset/mtg-jamendo/jazz_test_500_audio-low/track_0081802.mp3,/root/autodl-tmp/jazz_500_audio-low/track_0081802.mp3,02/81802.mp3,229.8,2674791,7A7CF3A85773A1E83D992A57BB57AE10,mp3,44100,2,low-bitrate,archived
track_0081803,dataset/mtg-jamendo/jazz_test_500_audio-low/track_0081803.mp3,/root/autodl-tmp/jazz_500_audio-low/track_0081803.mp3,03/81803.mp3,245.0,3137580,FECB0CD17D099E457E5E5AC726B7D5D2,mp3,44100,2,low-bitrate,archived
track_0081804,dataset/mtg-jamendo/jazz_test_500_audio-low/track_0081804.mp3,/root/autodl-tmp/jazz_500_audio-low/track_0081804.mp3,04/81804.mp3,236.3,2955452,3C02CFFEBCE472CD2476FE4006BD51A7,mp3,44100,2,low-bitrate,archived
track_0081805,dataset/mtg-jamendo/jazz_test_500_audio-low/track_0081805.mp3,/root/autodl-tmp/jazz_500_audio-low/track_0081805.mp3,05/81805.mp3,328.9,4014360,4B394762B8FB4F0A6766F53D876C14D8,mp3,44100,2,low-bitrate,archived
track_0081806,dataset/mtg-jamendo/jazz_test_500_audio-low/track_0081806.mp3,/root/autodl-tmp/jazz_500_audio-low/track_0081806.mp3,06/81806.mp3,217.4,2449698,AA80B893F31364C7EEA87ED64E371F4F,mp3,44100,2,low-bitrate,archived
track_0081807,dataset/mtg-jamendo/jazz_test_500_audio-low/track_0081807.mp3,/root/autodl-tmp/jazz_500_audio-low/track_0081807.mp3,07/81807.mp3,346.8,4016099,E71EB223F1B46650E8F33BE3B75180BF,mp3,44100,2,low-bitrate,archived
track_0081808,dataset/mtg-jamendo/jazz_test_500_audio-low/track_0081808.mp3,/root/autodl-tmp/jazz_500_audio-low/track_0081808.mp3,08/81808.mp3,349.5,4240342,BE8B4902CD4EA535D28DBEE50710265C,mp3,44100,2,low-bitrate,archived
track_0081809,dataset/mtg-jamendo/jazz_test_500_audio-low/track_0081809.mp3,/root/autodl-tmp/jazz_500_audio-low/track_0081809.mp3,09/81809.mp3,328.9,3961805,04E0D765F3E90C29D1EC4CE394DDB9DC,mp3,44100,2,low-bitrate,archived
track_0081810,dataset/mtg-jamendo/jazz_test_500_audio-low/track_0081810.mp3,/root/autodl-tmp/jazz_500_audio-low/track_0081810.mp3,10/81810.mp3,275.8,3400623,747A4032C2A328E4EEEF75FF5E9C2D41,mp3,44100,2,low-bitrate,archived
track_0081811,dataset/mtg-jamendo/jazz_test_500_audio-low/track_0081811.mp3,/root/autodl-tmp/jazz_500_audio-low/track_0081811.mp3,11/81811.mp3,222.6,2811178,DDB75BD0E35B8E269E859B7BDF669F93,mp3,44100,2,low-bitrate,archived
track_0081812,dataset/mtg-jamendo/jazz_test_500_audio-low/track_0081812.mp3,/root/autodl-tmp/jazz_500_audio-low/track_0081812.mp3,12/81812.mp3,282.8,3343580,5BF02B1274678E4A8DAEF386BDDDE07B,mp3,44100,2,low-bitrate,archived
track_0081813,dataset/mtg-jamendo/jazz_test_500_audio-low/track_0081813.mp3,/root/autodl-tmp/jazz_500_audio-low/track_0081813.mp3,13/81813.mp3,258.0,3255157,69CE135F11827CA3A049321A6F057A09,mp3,44100,2,low-bitrate,archived
track_0081814,dataset/mtg-jamendo/jazz_test_500_audio-low/track_0081814.mp3,/root/autodl-tmp/jazz_500_audio-low/track_0081814.mp3,14/81814.mp3,228.5,2833646,229A965FB65568300FB9CCAA4E1A2570,mp3,44100,2,low-bitrate,archived
track_0081815,dataset/mtg-jamendo/jazz_test_500_audio-low/track_0081815.mp3,/root/autodl-tmp/jazz_500_audio-low/track_0081815.mp3,15/81815.mp3,226.9,2894831,7D1BCE82A304033BE94689B24D62A82E,mp3,44100,2,low-bitrate,archived
track_0082874,dataset/mtg-jamendo/jazz_test_500_audio-low/track_0082874.mp3,/root/autodl-tmp/jazz_500_audio-low/track_0082874.mp3,74/82874.mp3,229.2,2656192,0F70E25079FDA168E884D126AF87B196,mp3,44100,2,low-bitrate,archived
track_0083166,dataset/mtg-jamendo/jazz_test_500_audio-low/track_0083166.mp3,/root/autodl-tmp/jazz_500_audio-low/track_0083166.mp3,66/83166.mp3,452.0,5305871,4615FF5A383A7833A7A6FD0EC499B6F9,mp3,44100,2,low-bitrate,archived
track_0083219,dataset/mtg-jamendo/jazz_test_500_audio-low/track_0083219.mp3,/root/autodl-tmp/jazz_500_audio-low/track_0083219.mp3,19/83219.mp3,382.1,4428883,7E132A2AA2E099975B645E2AF87D608B,mp3,44100,2,low-bitrate,archived
track_0083220,dataset/mtg-jamendo/jazz_test_500_audio-low/track_0083220.mp3,/root/autodl-tmp/jazz_500_audio-low/track_0083220.mp3,20/83220.mp3,249.8,2956192,E1D7EB0D35418AE3E1F259336B02FBF2,mp3,44100,2,low-bitrate,archived
track_0083221,dataset/mtg-jamendo/jazz_test_500_audio-low/track_0083221.mp3,/root/autodl-tmp/jazz_500_audio-low/track_0083221.mp3,21/83221.mp3,116.0,1447461,AF5F04B90D20CE3691AEB7C01D822853,mp3,44100,2,low-bitrate,archived
track_0083222,dataset/mtg-jamendo/jazz_test_500_audio-low/track_0083222.mp3,/root/autodl-tmp/jazz_500_audio-low/track_0083222.mp3,22/83222.mp3,383.8,4512107,49EF7B0FAD5CE9F0376DC0D7F8D4B578,mp3,44100,2,low-bitrate,archived
track_0083245,dataset/mtg-jamendo/jazz_test_500_audio-low/track_0083245.mp3,/root/autodl-tmp/jazz_500_audio-low/track_0083245.mp3,45/83245.mp3,475.2,5630601,2A3BD03FF3424BFD02D6B7943D7E1221,mp3,44100,2,low-bitrate,archived
track_0083287,dataset/mtg-jamendo/jazz_test_500_audio-low/track_0083287.mp3,/root/autodl-tmp/jazz_500_audio-low/track_0083287.mp3,87/83287.mp3,151.2,1883151,2892D2C387FF644E670EBF7134EB40C0,mp3,44100,2,low-bitrate,archived
track_0083296,dataset/mtg-jamendo/jazz_test_500_audio-low/track_0083296.mp3,/root/autodl-tmp/jazz_500_audio-low/track_0083296.mp3,96/83296.mp3,199.1,2377861,507796BB4CD604E6C21F223CDD4EDA5F,mp3,44100,2,low-bitrate,archived
track_0083307,dataset/mtg-jamendo/jazz_test_500_audio-low/track_0083307.mp3,/root/autodl-tmp/jazz_500_audio-low/track_0083307.mp3,07/83307.mp3,167.2,2030185,4EBB5B822E943A5F293F0FDD814DD224,mp3,44100,2,low-bitrate,archived
track_0083312,dataset/mtg-jamendo/jazz_test_500_audio-low/track_0083312.mp3,/root/autodl-tmp/jazz_500_audio-low/track_0083312.mp3,12/83312.mp3,281.7,3366027,489114B538C13BD616F5C68FBEE27535,mp3,44100,2,low-bitrate,archived
track_0083489,dataset/mtg-jamendo/jazz_test_500_audio-low/track_0083489.mp3,/root/autodl-tmp/jazz_500_audio-low/track_0083489.mp3,89/83489.mp3,216.5,2798852,9D164AE33417673E29D78686930A982A,mp3,44100,2,low-bitrate,archived
track_0088462,dataset/mtg-jamendo/jazz_test_500_audio-low/track_0088462.mp3,/root/autodl-tmp/jazz_500_audio-low/track_0088462.mp3,62/88462.mp3,153.5,1707395,F64AE27BFA45F34D7945AF0DE346DA09,mp3,44100,2,low-bitrate,archived
track_0088553,dataset/mtg-jamendo/jazz_test_500_audio-low/track_0088553.mp3,/root/autodl-tmp/jazz_500_audio-low/track_0088553.mp3,53/88553.mp3,219.0,1996653,5B7B75A823A591B931162265EC3B8DDA,mp3,44100,2,low-bitrate,archived
track_0088554,dataset/mtg-jamendo/jazz_test_500_audio-low/track_0088554.mp3,/root/autodl-tmp/jazz_500_audio-low/track_0088554.mp3,54/88554.mp3,242.6,2896198,DED0FF47DCE3C341F8AFBF71D68E616B,mp3,44100,2,low-bitrate,archived
track_0088555,dataset/mtg-jamendo/jazz_test_500_audio-low/track_0088555.mp3,/root/autodl-tmp/jazz_500_audio-low/track_0088555.mp3,55/88555.mp3,520.4,4680744,C522B8652AFCAE942BD83489B6F6B1F9,mp3,44100,2,low-bitrate,archived
track_0088556,dataset/mtg-jamendo/jazz_test_500_audio-low/track_0088556.mp3,/root/autodl-tmp/jazz_500_audio-low/track_0088556.mp3,56/88556.mp3,269.7,2357229,B5893F91AEA5D76FFE1A6EE7959B5B36,mp3,44100,2,low-bitrate,archived
track_0088557,dataset/mtg-jamendo/jazz_test_500_audio-low/track_0088557.mp3,/root/autodl-tmp/jazz_500_audio-low/track_0088557.mp3,57/88557.mp3,104.5,1094821,9E8982575E9783A4969F0AD3BA0DB7F2,mp3,44100,2,low-bitrate,archived
track_0088558,dataset/mtg-jamendo/jazz_test_500_audio-low/track_0088558.mp3,/root/autodl-tmp/jazz_500_audio-low/track_0088558.mp3,58/88558.mp3,121.3,1103215,CFF6783C452489367FA9A7E67FDFD46B,mp3,44100,2,low-bitrate,archived
track_0088559,dataset/mtg-jamendo/jazz_test_500_audio-low/track_0088559.mp3,/root/autodl-tmp/jazz_500_audio-low/track_0088559.mp3,59/88559.mp3,58.9,482588,00B7C4C2D7188F866228B27E55FD343C,mp3,44100,2,low-bitrate,archived
track_0088561,dataset/mtg-jamendo/jazz_test_500_audio-low/track_0088561.mp3,/root/autodl-tmp/jazz_500_audio-low/track_0088561.mp3,61/88561.mp3,118.2,1340222,5AB9622682F322634385780B91B75B47,mp3,44100,2,low-bitrate,archived
track_0088562,dataset/mtg-jamendo/jazz_test_500_audio-low/track_0088562.mp3,/root/autodl-tmp/jazz_500_audio-low/track_0088562.mp3,62/88562.mp3,97.7,1125494,C54B5F0FDD82E7011A3C2C3D4D51B856,mp3,44100,2,low-bitrate,archived
track_0088563,dataset/mtg-jamendo/jazz_test_500_audio-low/track_0088563.mp3,/root/autodl-tmp/jazz_500_audio-low/track_0088563.mp3,63/88563.mp3,106.4,1191887,469D35ECFC98B338550195B4EC32B7BB,mp3,44100,2,low-bitrate,archived
track_0088564,dataset/mtg-jamendo/jazz_test_500_audio-low/track_0088564.mp3,/root/autodl-tmp/jazz_500_audio-low/track_0088564.mp3,64/88564.mp3,172.1,1836741,3DFC1A8B52C9FC8522F755FAF9CF0BA1,mp3,44100,2,low-bitrate,archived
track_0093183,dataset/mtg-jamendo/jazz_test_500_audio-low/track_0093183.mp3,/root/autodl-tmp/jazz_500_audio-low/track_0093183.mp3,83/93183.mp3,705.9,8912355,37B7D42A3D3E30154594BEE487C7C449,mp3,44100,2,low-bitrate,archived
track_0093189,dataset/mtg-jamendo/jazz_test_500_audio-low/track_0093189.mp3,/root/autodl-tmp/jazz_500_audio-low/track_0093189.mp3,89/93189.mp3,477.0,6300259,3A7FC058C7233FB63CBFF2A12BB18083,mp3,44100,2,low-bitrate,archived
track_0093208,dataset/mtg-jamendo/jazz_test_500_audio-low/track_0093208.mp3,/root/autodl-tmp/jazz_500_audio-low/track_0093208.mp3,08/93208.mp3,326.9,4219754,C211A4E8BE8E50FF95E3B1C0D6938A7F,mp3,44100,2,low-bitrate,archived
track_0093311,dataset/mtg-jamendo/jazz_test_500_audio-low/track_0093311.mp3,/root/autodl-tmp/jazz_500_audio-low/track_0093311.mp3,11/93311.mp3,684.4,8685170,A2AAF7B6880E057CC470B87CF558802A,mp3,44100,2,low-bitrate,archived
track_0093733,dataset/mtg-jamendo/jazz_test_500_audio-low/track_0093733.mp3,/root/autodl-tmp/jazz_500_audio-low/track_0093733.mp3,33/93733.mp3,540.0,7294880,32B7B395CBE1277C261DE91FE33339DC,mp3,44100,2,low-bitrate,archived
track_0093736,dataset/mtg-jamendo/jazz_test_500_audio-low/track_0093736.mp3,/root/autodl-tmp/jazz_500_audio-low/track_0093736.mp3,36/93736.mp3,430.0,5257181,4B7728BEF639840E4A4E21C553E579CB,mp3,44100,2,low-bitrate,archived
track_0093739,dataset/mtg-jamendo/jazz_test_500_audio-low/track_0093739.mp3,/root/autodl-tmp/jazz_500_audio-low/track_0093739.mp3,39/93739.mp3,443.0,5312622,4A73D0A8FE9DE148CAA08C11E2D9E9E6,mp3,44100,2,low-bitrate,archived
track_0093740,dataset/mtg-jamendo/jazz_test_500_audio-low/track_0093740.mp3,/root/autodl-tmp/jazz_500_audio-low/track_0093740.mp3,40/93740.mp3,204.0,2433054,20639FF6216CC2FCE77A7F2E3AFEEE27,mp3,44100,2,low-bitrate,archived
track_0093741,dataset/mtg-jamendo/jazz_test_500_audio-low/track_0093741.mp3,/root/autodl-tmp/jazz_500_audio-low/track_0093741.mp3,41/93741.mp3,342.0,4088790,FFEC2F1FDD07DDCCD5E9D290CA2F5BED,mp3,44100,2,low-bitrate,archived
track_0093742,dataset/mtg-jamendo/jazz_test_500_audio-low/track_0093742.mp3,/root/autodl-tmp/jazz_500_audio-low/track_0093742.mp3,42/93742.mp3,453.0,5585138,F2DA54CC79FDD00334596D270AC8B723,mp3,44100,2,low-bitrate,archived
track_0093743,dataset/mtg-jamendo/jazz_test_500_audio-low/track_0093743.mp3,/root/autodl-tmp/jazz_500_audio-low/track_0093743.mp3,43/93743.mp3,247.0,2963973,288F8E74B78C3716974B90A1272F0FD6,mp3,44100,2,low-bitrate,archived
track_0093744,dataset/mtg-jamendo/jazz_test_500_audio-low/track_0093744.mp3,/root/autodl-tmp/jazz_500_audio-low/track_0093744.mp3,44/93744.mp3,370.1,4691982,50A40327FE5F8957F06E03C72D84067B,mp3,44100,2,low-bitrate,archived
track_0094700,dataset/mtg-jamendo/jazz_test_500_audio-low/track_0094700.mp3,/root/autodl-tmp/jazz_500_audio-low/track_0094700.mp3,00/94700.mp3,310.2,3790820,ECEDF7DF72C62EA68C5A6B574F5247BF,mp3,44100,2,low-bitrate,archived
track_0094704,dataset/mtg-jamendo/jazz_test_500_audio-low/track_0094704.mp3,/root/autodl-tmp/jazz_500_audio-low/track_0094704.mp3,04/94704.mp3,227.2,2823206,A8DAECCD00948AB9DBA97C0AD15EAA06,mp3,44100,2,low-bitrate,archived
track_0094708,dataset/mtg-jamendo/jazz_test_500_audio-low/track_0094708.mp3,/root/autodl-tmp/jazz_500_audio-low/track_0094708.mp3,08/94708.mp3,329.2,4388625,0864A2355184CA0C983AA9F943D2FF0E,mp3,44100,2,low-bitrate,archived
track_0095109,dataset/mtg-jamendo/jazz_test_500_audio-low/track_0095109.mp3,/root/autodl-tmp/jazz_500_audio-low/track_0095109.mp3,09/95109.mp3,394.4,4663347,9F9A9A38D139C057EC5E267A9B049663,mp3,44100,2,low-bitrate,archived
track_0095119,dataset/mtg-jamendo/jazz_test_500_audio-low/track_0095119.mp3,/root/autodl-tmp/jazz_500_audio-low/track_0095119.mp3,19/95119.mp3,267.9,2843163,7D0CA1A2A800660A38A89A9787D19B25,mp3,44100,2,low-bitrate,archived
track_0095237,dataset/mtg-jamendo/jazz_test_500_audio-low/track_0095237.mp3,/root/autodl-tmp/jazz_500_audio-low/track_0095237.mp3,37/95237.mp3,313.5,3405241,03C8F9E162B6A45F875008306A438232,mp3,44100,2,low-bitrate,archived
track_0095545,dataset/mtg-jamendo/jazz_test_500_audio-low/track_0095545.mp3,/root/autodl-tmp/jazz_500_audio-low/track_0095545.mp3,45/95545.mp3,74.1,836599,782BF8CAFC247F269047F97D85049938,mp3,44100,2,low-bitrate,archived
track_0096815,dataset/mtg-jamendo/jazz_test_500_audio-low/track_0096815.mp3,/root/autodl-tmp/jazz_500_audio-low/track_0096815.mp3,15/96815.mp3,526.8,6251504,09BC609C3AD4489DACD1DC869EA4AECB,mp3,44100,2,low-bitrate,archived
track_0096887,dataset/mtg-jamendo/jazz_test_500_audio-low/track_0096887.mp3,/root/autodl-tmp/jazz_500_audio-low/track_0096887.mp3,87/96887.mp3,131.0,1377757,08685D4A0F513189313AAC090111BF1C,mp3,44100,2,low-bitrate,archived
track_0096894,dataset/mtg-jamendo/jazz_test_500_audio-low/track_0096894.mp3,/root/autodl-tmp/jazz_500_audio-low/track_0096894.mp3,94/96894.mp3,341.5,3983098,25A8459848A5CA13EFF5D69B5646D516,mp3,44100,2,low-bitrate,archived
track_0101164,dataset/mtg-jamendo/jazz_test_500_audio-low/track_0101164.mp3,/root/autodl-tmp/jazz_500_audio-low/track_0101164.mp3,64/101164.mp3,266.0,3303997,16ECE92765D48FD766B423B375C9041D,mp3,44100,2,low-bitrate,archived
track_0101166,dataset/mtg-jamendo/jazz_test_500_audio-low/track_0101166.mp3,/root/autodl-tmp/jazz_500_audio-low/track_0101166.mp3,66/101166.mp3,192.4,2499381,306235E4F7C4E5C6B521EBDFBB21BAEA,mp3,44100,2,low-bitrate,archived
track_0101167,dataset/mtg-jamendo/jazz_test_500_audio-low/track_0101167.mp3,/root/autodl-tmp/jazz_500_audio-low/track_0101167.mp3,67/101167.mp3,236.4,3135426,6D2548198A0C6730FF32E198588C04DC,mp3,44100,2,low-bitrate,archived
track_0101168,dataset/mtg-jamendo/jazz_test_500_audio-low/track_0101168.mp3,/root/autodl-tmp/jazz_500_audio-low/track_0101168.mp3,68/101168.mp3,166.1,2140644,1909853CCEBF6233AE784CB2F291626B,mp3,44100,2,low-bitrate,archived
track_0103892,dataset/mtg-jamendo/jazz_test_500_audio-low/track_0103892.mp3,/root/autodl-tmp/jazz_500_audio-low/track_0103892.mp3,92/103892.mp3,156.7,1804767,3322C1E5B64CE5861C758E18D54506AF,mp3,44100,2,low-bitrate,archived
track_0107872,dataset/mtg-jamendo/jazz_test_500_audio-low/track_0107872.mp3,/root/autodl-tmp/jazz_500_audio-low/track_0107872.mp3,72/107872.mp3,272.1,3315781,068FB81D9F514A4B2D7E61EB53B8967F,mp3,44100,2,low-bitrate,archived
track_0109259,dataset/mtg-jamendo/jazz_test_500_audio-low/track_0109259.mp3,/root/autodl-tmp/jazz_500_audio-low/track_0109259.mp3,59/109259.mp3,277.4,3496244,27089E4EAFF8961B771F981FE49B2E45,mp3,44100,2,low-bitrate,archived
track_0111962,dataset/mtg-jamendo/jazz_test_500_audio-low/track_0111962.mp3,/root/autodl-tmp/jazz_500_audio-low/track_0111962.mp3,62/111962.mp3,156.9,1846701,5C75F0725832CE297A9B85C477A2A731,mp3,44100,2,low-bitrate,archived
track_0111963,dataset/mtg-jamendo/jazz_test_500_audio-low/track_0111963.mp3,/root/autodl-tmp/jazz_500_audio-low/track_0111963.mp3,63/111963.mp3,105.1,1192902,CC21A01E620BBD8C99B573FBA028056F,mp3,44100,2,low-bitrate,archived
track_0111964,dataset/mtg-jamendo/jazz_test_500_audio-low/track_0111964.mp3,/root/autodl-tmp/jazz_500_audio-low/track_0111964.mp3,64/111964.mp3,207.7,2552222,414D6D21C8AD95FDD43680DBB6F7BDF5,mp3,44100,2,low-bitrate,archived
track_0111965,dataset/mtg-jamendo/jazz_test_500_audio-low/track_0111965.mp3,/root/autodl-tmp/jazz_500_audio-low/track_0111965.mp3,65/111965.mp3,314.4,3784429,7414E80FE2722218E0ED116D7AA0DB96,mp3,44100,2,low-bitrate,archived
track_0111966,dataset/mtg-jamendo/jazz_test_500_audio-low/track_0111966.mp3,/root/autodl-tmp/jazz_500_audio-low/track_0111966.mp3,66/111966.mp3,212.8,2539630,A44F7A7032138EED2B56675425117CAD,mp3,44100,2,low-bitrate,archived
track_0114765,dataset/mtg-jamendo/jazz_test_500_audio-low/track_0114765.mp3,/root/autodl-tmp/jazz_500_audio-low/track_0114765.mp3,65/114765.mp3,365.4,4286377,BA4AFDBC9979E8D4D6698ABD984C32A3,mp3,44100,2,low-bitrate,archived
track_0114772,dataset/mtg-jamendo/jazz_test_500_audio-low/track_0114772.mp3,/root/autodl-tmp/jazz_500_audio-low/track_0114772.mp3,72/114772.mp3,246.7,2994490,F17F3B61392B6099557EC76C966C2826,mp3,44100,2,low-bitrate,archived
track_0114773,dataset/mtg-jamendo/jazz_test_500_audio-low/track_0114773.mp3,/root/autodl-tmp/jazz_500_audio-low/track_0114773.mp3,73/114773.mp3,334.1,3960768,98E9E64D8464A1BF00A95383DDE9A689,mp3,44100,2,low-bitrate,archived
track_0114780,dataset/mtg-jamendo/jazz_test_500_audio-low/track_0114780.mp3,/root/autodl-tmp/jazz_500_audio-low/track_0114780.mp3,80/114780.mp3,338.8,4197604,0B527F8CA39AF994E95F9840839DDDBF,mp3,44100,2,low-bitrate,archived
track_0114781,dataset/mtg-jamendo/jazz_test_500_audio-low/track_0114781.mp3,/root/autodl-tmp/jazz_500_audio-low/track_0114781.mp3,81/114781.mp3,359.9,4475061,A64CE82AF77E7CFE2C95A3DBD4464455,mp3,44100,2,low-bitrate,archived
track_0114794,dataset/mtg-jamendo/jazz_test_500_audio-low/track_0114794.mp3,/root/autodl-tmp/jazz_500_audio-low/track_0114794.mp3,94/114794.mp3,306.4,3727838,DE5534E43403BE94B2B7C5494BA8C355,mp3,44100,2,low-bitrate,archived
track_0114924,dataset/mtg-jamendo/jazz_test_500_audio-low/track_0114924.mp3,/root/autodl-tmp/jazz_500_audio-low/track_0114924.mp3,24/114924.mp3,355.0,4638801,5B2EBD262136573E72441E429A7D6ECB,mp3,44100,2,low-bitrate,archived
track_0118773,dataset/mtg-jamendo/jazz_test_500_audio-low/track_0118773.mp3,/root/autodl-tmp/jazz_500_audio-low/track_0118773.mp3,73/118773.mp3,255.9,3187645,84C5446ECB331F268FFB1B26BA7FDED1,mp3,44100,2,low-bitrate,archived
track_0118774,dataset/mtg-jamendo/jazz_test_500_audio-low/track_0118774.mp3,/root/autodl-tmp/jazz_500_audio-low/track_0118774.mp3,74/118774.mp3,203.3,2728880,E3B5D1FB74B730447CABA9A65ABDC785,mp3,44100,2,low-bitrate,archived
track_0118775,dataset/mtg-jamendo/jazz_test_500_audio-low/track_0118775.mp3,/root/autodl-tmp/jazz_500_audio-low/track_0118775.mp3,75/118775.mp3,307.2,3763810,11C4C6662341240E22044B000ECBB84E,mp3,44100,2,low-bitrate,archived
track_0118776,dataset/mtg-jamendo/jazz_test_500_audio-low/track_0118776.mp3,/root/autodl-tmp/jazz_500_audio-low/track_0118776.mp3,76/118776.mp3,203.4,2505714,9D6000DEE06105566CD51F1BAA74A187,mp3,44100,2,low-bitrate,archived
track_0118777,dataset/mtg-jamendo/jazz_test_500_audio-low/track_0118777.mp3,/root/autodl-tmp/jazz_500_audio-low/track_0118777.mp3,77/118777.mp3,241.4,2994216,542AFAEFC56F6CF15F4C9B5A3402C5E7,mp3,44100,2,low-bitrate,archived
track_0118778,dataset/mtg-jamendo/jazz_test_500_audio-low/track_0118778.mp3,/root/autodl-tmp/jazz_500_audio-low/track_0118778.mp3,78/118778.mp3,195.1,2729231,77684ACA2ACC2C2C7492AA42970B54BA,mp3,44100,2,low-bitrate,archived
track_0118779,dataset/mtg-jamendo/jazz_test_500_audio-low/track_0118779.mp3,/root/autodl-tmp/jazz_500_audio-low/track_0118779.mp3,79/118779.mp3,124.4,1546106,284B7ED1CABC881B02C055D76CC4DA0D,mp3,44100,2,low-bitrate,archived
track_0119342,dataset/mtg-jamendo/jazz_test_500_audio-low/track_0119342.mp3,/root/autodl-tmp/jazz_500_audio-low/track_0119342.mp3,42/119342.mp3,409.6,5249655,C024BCF44D6108700D19C2DAA5F664AB,mp3,44100,2,low-bitrate,archived
track_0121074,dataset/mtg-jamendo/jazz_test_500_audio-low/track_0121074.mp3,/root/autodl-tmp/jazz_500_audio-low/track_0121074.mp3,74/121074.mp3,330.0,4199344,89A92222FE153E5F505526352C1E1124,mp3,44100,2,low-bitrate,archived
track_0121088,dataset/mtg-jamendo/jazz_test_500_audio-low/track_0121088.mp3,/root/autodl-tmp/jazz_500_audio-low/track_0121088.mp3,88/121088.mp3,305.0,4058015,85DB5E9D3EBB8C809E78A504B8A411B7,mp3,44100,2,low-bitrate,archived
track_0121123,dataset/mtg-jamendo/jazz_test_500_audio-low/track_0121123.mp3,/root/autodl-tmp/jazz_500_audio-low/track_0121123.mp3,23/121123.mp3,355.0,4667164,FE9BE0160DDD72D5E85BE8B296111B8F,mp3,44100,2,low-bitrate,archived
track_0121128,dataset/mtg-jamendo/jazz_test_500_audio-low/track_0121128.mp3,/root/autodl-tmp/jazz_500_audio-low/track_0121128.mp3,28/121128.mp3,505.1,6280714,58ED886A546DFE9D6612D01F952C87FF,mp3,44100,2,low-bitrate,archived
track_0121140,dataset/mtg-jamendo/jazz_test_500_audio-low/track_0121140.mp3,/root/autodl-tmp/jazz_500_audio-low/track_0121140.mp3,40/121140.mp3,260.0,3571969,A5722B7C1C643744D8F27342571FF808,mp3,44100,2,low-bitrate,archived
track_0123435,dataset/mtg-jamendo/jazz_test_500_audio-low/track_0123435.mp3,/root/autodl-tmp/jazz_500_audio-low/track_0123435.mp3,35/123435.mp3,192.5,2327188,1F29F8391F82D35F4EBEEBA871CEEF6E,mp3,44100,2,low-bitrate,archived
track_0128834,dataset/mtg-jamendo/jazz_test_500_audio-low/track_0128834.mp3,/root/autodl-tmp/jazz_500_audio-low/track_0128834.mp3,34/128834.mp3,311.6,4255605,D366E1EF28C030BDD4F8E3C760F25BC2,mp3,44100,2,low-bitrate,archived
track_0128838,dataset/mtg-jamendo/jazz_test_500_audio-low/track_0128838.mp3,/root/autodl-tmp/jazz_500_audio-low/track_0128838.mp3,38/128838.mp3,213.7,2539272,FEECCE8A9D26A115538353B7186B0A9D,mp3,44100,2,low-bitrate,archived
track_0128844,dataset/mtg-jamendo/jazz_test_500_audio-low/track_0128844.mp3,/root/autodl-tmp/jazz_500_audio-low/track_0128844.mp3,44/128844.mp3,169.1,2245866,3F65CDF2A01F4163B112B6B9CB2E4A39,mp3,44100,2,low-bitrate,archived
track_0128852,dataset/mtg-jamendo/jazz_test_500_audio-low/track_0128852.mp3,/root/autodl-tmp/jazz_500_audio-low/track_0128852.mp3,52/128852.mp3,216.0,2221409,C094C9B0BE8A83E5B4F1BAA6FEB48E91,mp3,44100,2,low-bitrate,archived
track_0128857,dataset/mtg-jamendo/jazz_test_500_audio-low/track_0128857.mp3,/root/autodl-tmp/jazz_500_audio-low/track_0128857.mp3,57/128857.mp3,326.4,4578393,A2F5F356A28DB1C5285C886403264EBA,mp3,44100,2,low-bitrate,archived
track_0128861,dataset/mtg-jamendo/jazz_test_500_audio-low/track_0128861.mp3,/root/autodl-tmp/jazz_500_audio-low/track_0128861.mp3,61/128861.mp3,153.5,1515396,E02AE971184B20A2896EB346DD26D14B,mp3,44100,2,low-bitrate,archived
track_0131645,dataset/mtg-jamendo/jazz_test_500_audio-low/track_0131645.mp3,/root/autodl-tmp/jazz_500_audio-low/track_0131645.mp3,45/131645.mp3,358.0,4613352,71545B7D0E2F5273A9320424B52CE484,mp3,44100,2,low-bitrate,archived
track_0132867,dataset/mtg-jamendo/jazz_test_500_audio-low/track_0132867.mp3,/root/autodl-tmp/jazz_500_audio-low/track_0132867.mp3,67/132867.mp3,105.2,1320473,056D9A3D295A8800035921DFB02D07CC,mp3,44100,2,low-bitrate,archived
track_0132868,dataset/mtg-jamendo/jazz_test_500_audio-low/track_0132868.mp3,/root/autodl-tmp/jazz_500_audio-low/track_0132868.mp3,68/132868.mp3,148.4,1777110,C81FF07A70C71B96A685C6210540FD12,mp3,44100,2,low-bitrate,archived
track_0132869,dataset/mtg-jamendo/jazz_test_500_audio-low/track_0132869.mp3,/root/autodl-tmp/jazz_500_audio-low/track_0132869.mp3,69/132869.mp3,152.9,1913799,77662168E7B3547553778A7A91E59962,mp3,44100,2,low-bitrate,archived
track_0132870,dataset/mtg-jamendo/jazz_test_500_audio-low/track_0132870.mp3,/root/autodl-tmp/jazz_500_audio-low/track_0132870.mp3,70/132870.mp3,168.9,2042424,B410DF885970B07B3A61B5A45D76C00C,mp3,44100,2,low-bitrate,archived
track_0132871,dataset/mtg-jamendo/jazz_test_500_audio-low/track_0132871.mp3,/root/autodl-tmp/jazz_500_audio-low/track_0132871.mp3,71/132871.mp3,100.0,1276061,C15DE8ACB4FBEFDC210B41597A147FA6,mp3,44100,2,low-bitrate,archived
track_0134120,dataset/mtg-jamendo/jazz_test_500_audio-low/track_0134120.mp3,/root/autodl-tmp/jazz_500_audio-low/track_0134120.mp3,20/134120.mp3,80.1,980944,10D8F613BBDB921C9DFBE34D56D3D315,mp3,44100,2,low-bitrate,archived
track_0134148,dataset/mtg-jamendo/jazz_test_500_audio-low/track_0134148.mp3,/root/autodl-tmp/jazz_500_audio-low/track_0134148.mp3,48/134148.mp3,378.0,4561720,63E276A0EAB110314642985F6370A9E4,mp3,44100,2,low-bitrate,archived
track_0134150,dataset/mtg-jamendo/jazz_test_500_audio-low/track_0134150.mp3,/root/autodl-tmp/jazz_500_audio-low/track_0134150.mp3,50/134150.mp3,519.4,6428245,8BF2CAAE59CD2B2C828EB80B86D74534,mp3,44100,2,low-bitrate,archived
track_0134387,dataset/mtg-jamendo/jazz_test_500_audio-low/track_0134387.mp3,/root/autodl-tmp/jazz_500_audio-low/track_0134387.mp3,87/134387.mp3,193.7,2364710,9E9E36ABFCA652244CA1696467BAB5D2,mp3,44100,2,low-bitrate,archived
track_0150740,dataset/mtg-jamendo/jazz_test_500_audio-low/track_0150740.mp3,/root/autodl-tmp/jazz_500_audio-low/track_0150740.mp3,40/150740.mp3,245.0,3185007,103694971CEA733FCC94B1B7E73AE3DC,mp3,44100,2,low-bitrate,archived
track_0150742,dataset/mtg-jamendo/jazz_test_500_audio-low/track_0150742.mp3,/root/autodl-tmp/jazz_500_audio-low/track_0150742.mp3,42/150742.mp3,194.5,2485307,0015CBFE7D768ECC3187BA7E7AB0EA80,mp3,44100,2,low-bitrate,archived
track_0150743,dataset/mtg-jamendo/jazz_test_500_audio-low/track_0150743.mp3,/root/autodl-tmp/jazz_500_audio-low/track_0150743.mp3,43/150743.mp3,288.5,3674579,E51F16F0BDEC0F4121E8D7A3DCA86EC8,mp3,44100,2,low-bitrate,archived
track_0150754,dataset/mtg-jamendo/jazz_test_500_audio-low/track_0150754.mp3,/root/autodl-tmp/jazz_500_audio-low/track_0150754.mp3,54/150754.mp3,230.8,2928535,4EA6F2B12E46CE99DAFD6DA893B2A66A,mp3,44100,2,low-bitrate,archived
track_0150760,dataset/mtg-jamendo/jazz_test_500_audio-low/track_0150760.mp3,/root/autodl-tmp/jazz_500_audio-low/track_0150760.mp3,60/150760.mp3,331.6,4318955,4E3AF46F91FF27111FFD1EB7914BC4B5,mp3,44100,2,low-bitrate,archived
track_0150767,dataset/mtg-jamendo/jazz_test_500_audio-low/track_0150767.mp3,/root/autodl-tmp/jazz_500_audio-low/track_0150767.mp3,67/150767.mp3,352.4,4327913,F886DD10B8C4A7BEABF2765B02D166A0,mp3,44100,2,low-bitrate,archived
track_0152602,dataset/mtg-jamendo/jazz_test_500_audio-low/track_0152602.mp3,/root/autodl-tmp/jazz_500_audio-low/track_0152602.mp3,02/152602.mp3,437.3,5242973,605A2854390463EEA9D6F20321D445DA,mp3,44100,2,low-bitrate,archived
track_0152604,dataset/mtg-jamendo/jazz_test_500_audio-low/track_0152604.mp3,/root/autodl-tmp/jazz_500_audio-low/track_0152604.mp3,04/152604.mp3,172.1,2133790,ED50512E9B15186AF45B7120FF056248,mp3,44100,2,low-bitrate,archived
track_0154630,dataset/mtg-jamendo/jazz_test_500_audio-low/track_0154630.mp3,/root/autodl-tmp/jazz_500_audio-low/track_0154630.mp3,30/154630.mp3,599.1,7069172,266231B616FC86647C5F660D71A743DC,mp3,44100,2,low-bitrate,archived
track_0154632,dataset/mtg-jamendo/jazz_test_500_audio-low/track_0154632.mp3,/root/autodl-tmp/jazz_500_audio-low/track_0154632.mp3,32/154632.mp3,441.3,5075514,5F0C89F94450535DA25BF3EB568F5E6F,mp3,44100,2,low-bitrate,archived
track_0154633,dataset/mtg-jamendo/jazz_test_500_audio-low/track_0154633.mp3,/root/autodl-tmp/jazz_500_audio-low/track_0154633.mp3,33/154633.mp3,499.7,5855013,4320FA23BA178D7A2CB37FA54ACC0ED0,mp3,44100,2,low-bitrate,archived
track_0154635,dataset/mtg-jamendo/jazz_test_500_audio-low/track_0154635.mp3,/root/autodl-tmp/jazz_500_audio-low/track_0154635.mp3,35/154635.mp3,512.9,6041663,A654135F9268F6A95271FACCB735AF1F,mp3,44100,2,low-bitrate,archived
track_0154636,dataset/mtg-jamendo/jazz_test_500_audio-low/track_0154636.mp3,/root/autodl-tmp/jazz_500_audio-low/track_0154636.mp3,36/154636.mp3,488.8,5455687,5B41DF275039409DFB7D219A0887D359,mp3,44100,2,low-bitrate,archived
track_0154637,dataset/mtg-jamendo/jazz_test_500_audio-low/track_0154637.mp3,/root/autodl-tmp/jazz_500_audio-low/track_0154637.mp3,37/154637.mp3,518.3,5570271,89D13B103962714D054F49F0DBC2DD37,mp3,44100,2,low-bitrate,archived
track_0154638,dataset/mtg-jamendo/jazz_test_500_audio-low/track_0154638.mp3,/root/autodl-tmp/jazz_500_audio-low/track_0154638.mp3,38/154638.mp3,252.0,2864021,96DBF9687B4389CE972C24AC323FCCD4,mp3,44100,2,low-bitrate,archived
track_0155248,dataset/mtg-jamendo/jazz_test_500_audio-low/track_0155248.mp3,/root/autodl-tmp/jazz_500_audio-low/track_0155248.mp3,48/155248.mp3,316.4,3894851,554D22A5DB8D2D350A25AD5AD21C68E8,mp3,44100,2,low-bitrate,archived
track_0155995,dataset/mtg-jamendo/jazz_test_500_audio-low/track_0155995.mp3,/root/autodl-tmp/jazz_500_audio-low/track_0155995.mp3,95/155995.mp3,153.1,1825895,991031B6EC7CBD8A13BB7DFECB1A4E04,mp3,44100,2,low-bitrate,archived
track_0158351,dataset/mtg-jamendo/jazz_test_500_audio-low/track_0158351.mp3,/root/autodl-tmp/jazz_500_audio-low/track_0158351.mp3,51/158351.mp3,336.8,4282993,75C57F115B2AFB4E5E41741A3ACC309F,mp3,44100,2,low-bitrate,archived
track_0159014,dataset/mtg-jamendo/jazz_test_500_audio-low/track_0159014.mp3,/root/autodl-tmp/jazz_500_audio-low/track_0159014.mp3,14/159014.mp3,312.8,3931931,B635A3B45BC2A64CA6B09CFED45688A9,mp3,44100,2,low-bitrate,archived
track_0161535,dataset/mtg-jamendo/jazz_test_500_audio-low/track_0161535.mp3,/root/autodl-tmp/jazz_500_audio-low/track_0161535.mp3,35/161535.mp3,222.7,2881869,51EC285C1163C69CA63FBAAE7E656EF0,mp3,44100,2,low-bitrate,archived
track_0161537,dataset/mtg-jamendo/jazz_test_500_audio-low/track_0161537.mp3,/root/autodl-tmp/jazz_500_audio-low/track_0161537.mp3,37/161537.mp3,286.3,3794079,E70FE7E2BBC86E26B98DA0AC9613ECE8,mp3,44100,2,low-bitrate,archived
track_0161538,dataset/mtg-jamendo/jazz_test_500_audio-low/track_0161538.mp3,/root/autodl-tmp/jazz_500_audio-low/track_0161538.mp3,38/161538.mp3,345.6,4553032,3155AE84CBA80B75D54CB92353E3D1B4,mp3,44100,2,low-bitrate,archived
track_0161539,dataset/mtg-jamendo/jazz_test_500_audio-low/track_0161539.mp3,/root/autodl-tmp/jazz_500_audio-low/track_0161539.mp3,39/161539.mp3,304.7,3880218,A4A464752A03DB0D4DE92AF9F144772E,mp3,44100,2,low-bitrate,archived
track_0161540,dataset/mtg-jamendo/jazz_test_500_audio-low/track_0161540.mp3,/root/autodl-tmp/jazz_500_audio-low/track_0161540.mp3,40/161540.mp3,268.3,3325766,419F12C66A94977648F961CD317658C8,mp3,44100,2,low-bitrate,archived
track_0161541,dataset/mtg-jamendo/jazz_test_500_audio-low/track_0161541.mp3,/root/autodl-tmp/jazz_500_audio-low/track_0161541.mp3,41/161541.mp3,285.3,3637807,A90E13ABD630A55051B3FA841597B327,mp3,44100,2,low-bitrate,archived
track_0161542,dataset/mtg-jamendo/jazz_test_500_audio-low/track_0161542.mp3,/root/autodl-tmp/jazz_500_audio-low/track_0161542.mp3,42/161542.mp3,293.7,3679631,0A21A51BE882B40B2254BC04934FDAC8,mp3,44100,2,low-bitrate,archived
track_0161543,dataset/mtg-jamendo/jazz_test_500_audio-low/track_0161543.mp3,/root/autodl-tmp/jazz_500_audio-low/track_0161543.mp3,43/161543.mp3,315.6,4312798,4935689D4F5B39DB65ED616D4612642E,mp3,44100,2,low-bitrate,archived
track_0161546,dataset/mtg-jamendo/jazz_test_500_audio-low/track_0161546.mp3,/root/autodl-tmp/jazz_500_audio-low/track_0161546.mp3,46/161546.mp3,216.8,2820947,BA01C86753BA8399A73141D92C859969,mp3,44100,2,low-bitrate,archived
track_0166312,dataset/mtg-jamendo/jazz_test_500_audio-low/track_0166312.mp3,/root/autodl-tmp/jazz_500_audio-low/track_0166312.mp3,12/166312.mp3,313.4,4209931,B7368E42E61424A32D9CEEC7F64267A2,mp3,44100,2,low-bitrate,archived
track_0166333,dataset/mtg-jamendo/jazz_test_500_audio-low/track_0166333.mp3,/root/autodl-tmp/jazz_500_audio-low/track_0166333.mp3,33/166333.mp3,322.0,3988427,D4A2DB28CDADE9916B56E83DCD08ECFF,mp3,44100,2,low-bitrate,archived
track_0166334,dataset/mtg-jamendo/jazz_test_500_audio-low/track_0166334.mp3,/root/autodl-tmp/jazz_500_audio-low/track_0166334.mp3,34/166334.mp3,244.5,3095168,BDD12D09226BAF5B1A67661E04E5F645,mp3,44100,2,low-bitrate,archived
track_0166335,dataset/mtg-jamendo/jazz_test_500_audio-low/track_0166335.mp3,/root/autodl-tmp/jazz_500_audio-low/track_0166335.mp3,35/166335.mp3,241.8,3054984,5F4AD5719F6E1582C42A1222F4B0052A,mp3,44100,2,low-bitrate,archived
track_0166336,dataset/mtg-jamendo/jazz_test_500_audio-low/track_0166336.mp3,/root/autodl-tmp/jazz_500_audio-low/track_0166336.mp3,36/166336.mp3,286.1,3619702,25B5F0A8C950C609B3BD0A52051601A0,mp3,44100,2,low-bitrate,archived
track_0166337,dataset/mtg-jamendo/jazz_test_500_audio-low/track_0166337.mp3,/root/autodl-tmp/jazz_500_audio-low/track_0166337.mp3,37/166337.mp3,296.7,3936248,D2A5E92B2CA338DBF62D591F38F094AF,mp3,44100,2,low-bitrate,archived
track_0166338,dataset/mtg-jamendo/jazz_test_500_audio-low/track_0166338.mp3,/root/autodl-tmp/jazz_500_audio-low/track_0166338.mp3,38/166338.mp3,280.7,3903472,FA8639558B675E0C05580474E967DD86,mp3,44100,2,low-bitrate,archived
track_0166339,dataset/mtg-jamendo/jazz_test_500_audio-low/track_0166339.mp3,/root/autodl-tmp/jazz_500_audio-low/track_0166339.mp3,39/166339.mp3,237.8,3087036,9010BDE140B7FF4AC5DFA24E48AEEFF9,mp3,44100,2,low-bitrate,archived
track_0166340,dataset/mtg-jamendo/jazz_test_500_audio-low/track_0166340.mp3,/root/autodl-tmp/jazz_500_audio-low/track_0166340.mp3,40/166340.mp3,294.0,4142348,9DB01C06194CC8C665D70E440B59DAE2,mp3,44100,2,low-bitrate,archived
track_0166341,dataset/mtg-jamendo/jazz_test_500_audio-low/track_0166341.mp3,/root/autodl-tmp/jazz_500_audio-low/track_0166341.mp3,41/166341.mp3,379.8,5354209,69C988A374D39B94D11FE59F07694C4A,mp3,44100,2,low-bitrate,archived
track_0166409,dataset/mtg-jamendo/jazz_test_500_audio-low/track_0166409.mp3,/root/autodl-tmp/jazz_500_audio-low/track_0166409.mp3,09/166409.mp3,369.7,4714216,FAEC2FAD538CD9A338044AC515BDFB1A,mp3,44100,2,low-bitrate,archived
track_0167559,dataset/mtg-jamendo/jazz_test_500_audio-low/track_0167559.mp3,/root/autodl-tmp/jazz_500_audio-low/track_0167559.mp3,59/167559.mp3,203.7,2378216,609986BC4EE810B03B6A615D3DDA9919,mp3,44100,2,low-bitrate,archived
track_0168698,dataset/mtg-jamendo/jazz_test_500_audio-low/track_0168698.mp3,/root/autodl-tmp/jazz_500_audio-low/track_0168698.mp3,98/168698.mp3,149.1,1915100,F71F2F9CB38568BA45D28965F4DB2FE5,mp3,44100,2,low-bitrate,archived
track_0168997,dataset/mtg-jamendo/jazz_test_500_audio-low/track_0168997.mp3,/root/autodl-tmp/jazz_500_audio-low/track_0168997.mp3,97/168997.mp3,401.0,4841286,968991F65DA384A06FFE7B7AF64A51C9,mp3,44100,2,low-bitrate,archived
track_0170946,dataset/mtg-jamendo/jazz_test_500_audio-low/track_0170946.mp3,/root/autodl-tmp/jazz_500_audio-low/track_0170946.mp3,46/170946.mp3,304.5,3583155,BE752D96C03A0573CD1A1F131C54DD3B,mp3,44100,2,low-bitrate,archived
track_0170948,dataset/mtg-jamendo/jazz_test_500_audio-low/track_0170948.mp3,/root/autodl-tmp/jazz_500_audio-low/track_0170948.mp3,48/170948.mp3,341.3,4215913,C26C084C2BA0527DDCD286C1CA4EA07A,mp3,44100,2,low-bitrate,archived
track_0170949,dataset/mtg-jamendo/jazz_test_500_audio-low/track_0170949.mp3,/root/autodl-tmp/jazz_500_audio-low/track_0170949.mp3,49/170949.mp3,303.9,3789386,8796995949A24A658DC78DDE8F86898E,mp3,44100,2,low-bitrate,archived
track_0172186,dataset/mtg-jamendo/jazz_test_500_audio-low/track_0172186.mp3,/root/autodl-tmp/jazz_500_audio-low/track_0172186.mp3,86/172186.mp3,104.0,1139518,2AFE5ABA53C49A1A76F1EDA46737C7DD,mp3,44100,2,low-bitrate,archived
track_0172643,dataset/mtg-jamendo/jazz_test_500_audio-low/track_0172643.mp3,/root/autodl-tmp/jazz_500_audio-low/track_0172643.mp3,43/172643.mp3,236.1,2695753,C16B20F05BB671895A70B279BB70E2CB,mp3,44100,2,low-bitrate,archived
track_0172646,dataset/mtg-jamendo/jazz_test_500_audio-low/track_0172646.mp3,/root/autodl-tmp/jazz_500_audio-low/track_0172646.mp3,46/172646.mp3,446.9,5767117,B4BDDB5B32EA5913E8FA812B1D5E1A84,mp3,44100,2,low-bitrate,archived
track_0172647,dataset/mtg-jamendo/jazz_test_500_audio-low/track_0172647.mp3,/root/autodl-tmp/jazz_500_audio-low/track_0172647.mp3,47/172647.mp3,384.8,4541349,DE43213FBC5D475D904102F40858DA39,mp3,44100,2,low-bitrate,archived
track_0175345,dataset/mtg-jamendo/jazz_test_500_audio-low/track_0175345.mp3,/root/autodl-tmp/jazz_500_audio-low/track_0175345.mp3,45/175345.mp3,189.4,2337937,B20AEDD496F4A31864810D92AAD6008D,mp3,44100,2,low-bitrate,archived
track_0178030,dataset/mtg-jamendo/jazz_test_500_audio-low/track_0178030.mp3,/root/autodl-tmp/jazz_500_audio-low/track_0178030.mp3,30/178030.mp3,156.8,1997535,D83CCF7DED6564B0FEFE5F8F2DD85F7C,mp3,44100,2,low-bitrate,archived
track_0179680,dataset/mtg-jamendo/jazz_test_500_audio-low/track_0179680.mp3,/root/autodl-tmp/jazz_500_audio-low/track_0179680.mp3,80/179680.mp3,108.5,1318602,B5E4CC2976FC686B96BC262527C3DD8B,mp3,44100,2,low-bitrate,archived
track_0182038,dataset/mtg-jamendo/jazz_test_500_audio-low/track_0182038.mp3,/root/autodl-tmp/jazz_500_audio-low/track_0182038.mp3,38/182038.mp3,157.2,2023314,2CC2E68DF84F20E101CFF7EFC3508361,mp3,44100,2,low-bitrate,archived
track_0182065,dataset/mtg-jamendo/jazz_test_500_audio-low/track_0182065.mp3,/root/autodl-tmp/jazz_500_audio-low/track_0182065.mp3,65/182065.mp3,360.6,4777272,BF4675B94EB907FF81BB1D566C28CFE4,mp3,44100,2,low-bitrate,archived
track_0186328,dataset/mtg-jamendo/jazz_test_500_audio-low/track_0186328.mp3,/root/autodl-tmp/jazz_500_audio-low/track_0186328.mp3,28/186328.mp3,818.6,9644178,239B8B8DBA5CD18F4D61CE46F882DB4C,mp3,44100,2,low-bitrate,archived
track_0186553,dataset/mtg-jamendo/jazz_test_500_audio-low/track_0186553.mp3,/root/autodl-tmp/jazz_500_audio-low/track_0186553.mp3,53/186553.mp3,326.6,3913083,BDE8F79432705258C234A146707E5411,mp3,44100,2,low-bitrate,archived
track_0189585,dataset/mtg-jamendo/jazz_test_500_audio-low/track_0189585.mp3,/root/autodl-tmp/jazz_500_audio-low/track_0189585.mp3,85/189585.mp3,370.1,4754084,8B3E203A9450D059D652BC5F9D4B43CE,mp3,44100,2,low-bitrate,archived
track_0189589,dataset/mtg-jamendo/jazz_test_500_audio-low/track_0189589.mp3,/root/autodl-tmp/jazz_500_audio-low/track_0189589.mp3,89/189589.mp3,325.0,4200053,C27C940E08FB0E3758F89105E2633DFD,mp3,44100,2,low-bitrate,archived
track_0197855,dataset/mtg-jamendo/jazz_test_500_audio-low/track_0197855.mp3,/root/autodl-tmp/jazz_500_audio-low/track_0197855.mp3,55/197855.mp3,255.1,3342474,0A33777F763E152E46B6BBAB58FE6BAC,mp3,44100,2,low-bitrate,archived
track_0200123,dataset/mtg-jamendo/jazz_test_500_audio-low/track_0200123.mp3,/root/autodl-tmp/jazz_500_audio-low/track_0200123.mp3,23/200123.mp3,808.2,9726986,AE2DE11B94FB82D6BC68E0789C76FA6B,mp3,44100,2,low-bitrate,archived
track_0200124,dataset/mtg-jamendo/jazz_test_500_audio-low/track_0200124.mp3,/root/autodl-tmp/jazz_500_audio-low/track_0200124.mp3,24/200124.mp3,242.1,2742511,616A350F219D5A1C4C9B6E03E87A4236,mp3,44100,2,low-bitrate,archived
track_0200128,dataset/mtg-jamendo/jazz_test_500_audio-low/track_0200128.mp3,/root/autodl-tmp/jazz_500_audio-low/track_0200128.mp3,28/200128.mp3,191.1,2427252,7C7A7225A0CB892FD5278D020CCB0DB2,mp3,44100,2,low-bitrate,archived
track_0200130,dataset/mtg-jamendo/jazz_test_500_audio-low/track_0200130.mp3,/root/autodl-tmp/jazz_500_audio-low/track_0200130.mp3,30/200130.mp3,165.7,1890810,056697C31C3DF3D8A6807817D953C3DE,mp3,44100,2,low-bitrate,archived
track_0200131,dataset/mtg-jamendo/jazz_test_500_audio-low/track_0200131.mp3,/root/autodl-tmp/jazz_500_audio-low/track_0200131.mp3,31/200131.mp3,239.2,3177922,B696BE3F94D0D7B6EEE7303BC26C24FB,mp3,44100,2,low-bitrate,archived
track_0202261,dataset/mtg-jamendo/jazz_test_500_audio-low/track_0202261.mp3,/root/autodl-tmp/jazz_500_audio-low/track_0202261.mp3,61/202261.mp3,301.3,3389410,4CA571CD0F7DCEC12C809FAB1E353F9C,mp3,44100,2,low-bitrate,archived
track_0203673,dataset/mtg-jamendo/jazz_test_500_audio-low/track_0203673.mp3,/root/autodl-tmp/jazz_500_audio-low/track_0203673.mp3,73/203673.mp3,275.6,3535095,96DD896312BDEE3E15C5383B7D06517C,mp3,44100,2,low-bitrate,archived
track_0203676,dataset/mtg-jamendo/jazz_test_500_audio-low/track_0203676.mp3,/root/autodl-tmp/jazz_500_audio-low/track_0203676.mp3,76/203676.mp3,356.0,4627330,AE6EDC044B0DE8C894ADFB80280EE274,mp3,44100,2,low-bitrate,archived
track_0203683,dataset/mtg-jamendo/jazz_test_500_audio-low/track_0203683.mp3,/root/autodl-tmp/jazz_500_audio-low/track_0203683.mp3,83/203683.mp3,244.0,2975804,237ACA52D037C860F955F4681157A0DB,mp3,44100,2,low-bitrate,archived
track_0203686,dataset/mtg-jamendo/jazz_test_500_audio-low/track_0203686.mp3,/root/autodl-tmp/jazz_500_audio-low/track_0203686.mp3,86/203686.mp3,344.1,4556507,F6BBC644CF6BE46C205475233F437714,mp3,44100,2,low-bitrate,archived
track_0203692,dataset/mtg-jamendo/jazz_test_500_audio-low/track_0203692.mp3,/root/autodl-tmp/jazz_500_audio-low/track_0203692.mp3,92/203692.mp3,498.3,6349839,E18BE5550895A80B70C20CB64C36E2CB,mp3,44100,2,low-bitrate,archived
track_0203705,dataset/mtg-jamendo/jazz_test_500_audio-low/track_0203705.mp3,/root/autodl-tmp/jazz_500_audio-low/track_0203705.mp3,05/203705.mp3,441.2,5696089,34843B9A6BBE6827A8051EE839242980,mp3,44100,2,low-bitrate,archived
track_0205076,dataset/mtg-jamendo/jazz_test_500_audio-low/track_0205076.mp3,/root/autodl-tmp/jazz_500_audio-low/track_0205076.mp3,76/205076.mp3,54.0,584504,DD20FE7DF6B128AA06ED8B09F41814D0,mp3,44100,2,low-bitrate,archived
track_0205077,dataset/mtg-jamendo/jazz_test_500_audio-low/track_0205077.mp3,/root/autodl-tmp/jazz_500_audio-low/track_0205077.mp3,77/205077.mp3,226.1,2795799,F9D29464D614C5B540A3687E9AF2877B,mp3,44100,2,low-bitrate,archived
track_0205081,dataset/mtg-jamendo/jazz_test_500_audio-low/track_0205081.mp3,/root/autodl-tmp/jazz_500_audio-low/track_0205081.mp3,81/205081.mp3,43.3,534865,FB02414E013FEB01CF13BE1F11C564C6,mp3,44100,2,low-bitrate,archived
track_0205088,dataset/mtg-jamendo/jazz_test_500_audio-low/track_0205088.mp3,/root/autodl-tmp/jazz_500_audio-low/track_0205088.mp3,88/205088.mp3,125.7,1585485,CC1944D58F2D32E0C9AB9B90B1016460,mp3,44100,2,low-bitrate,archived
track_0205089,dataset/mtg-jamendo/jazz_test_500_audio-low/track_0205089.mp3,/root/autodl-tmp/jazz_500_audio-low/track_0205089.mp3,89/205089.mp3,46.4,560347,87ADC70C740D5E4727DCA3B2DD05F861,mp3,44100,2,low-bitrate,archived
track_0205090,dataset/mtg-jamendo/jazz_test_500_audio-low/track_0205090.mp3,/root/autodl-tmp/jazz_500_audio-low/track_0205090.mp3,90/205090.mp3,112.5,1397675,462B26D7509634C065AD3B9B94A16BF5,mp3,44100,2,low-bitrate,archived
track_0205091,dataset/mtg-jamendo/jazz_test_500_audio-low/track_0205091.mp3,/root/autodl-tmp/jazz_500_audio-low/track_0205091.mp3,91/205091.mp3,122.5,1533803,3E98BDA4015E1EDA99711454BDA0E8AB,mp3,44100,2,low-bitrate,archived
track_0205092,dataset/mtg-jamendo/jazz_test_500_audio-low/track_0205092.mp3,/root/autodl-tmp/jazz_500_audio-low/track_0205092.mp3,92/205092.mp3,197.7,2494558,0F2F698F40EDBF52FE612574B2C03E55,mp3,44100,2,low-bitrate,archived
track_0205093,dataset/mtg-jamendo/jazz_test_500_audio-low/track_0205093.mp3,/root/autodl-tmp/jazz_500_audio-low/track_0205093.mp3,93/205093.mp3,135.1,1688885,D803B3033E107866FB96DC13EE7C053E,mp3,44100,2,low-bitrate,archived
track_0205094,dataset/mtg-jamendo/jazz_test_500_audio-low/track_0205094.mp3,/root/autodl-tmp/jazz_500_audio-low/track_0205094.mp3,94/205094.mp3,195.1,2354054,3C952B4A831022A4733E00A2A43055D6,mp3,44100,2,low-bitrate,archived
track_0205097,dataset/mtg-jamendo/jazz_test_500_audio-low/track_0205097.mp3,/root/autodl-tmp/jazz_500_audio-low/track_0205097.mp3,97/205097.mp3,77.3,913202,BCAC86FDABC78733B318F06CA55CCF59,mp3,44100,2,low-bitrate,archived
track_0206006,dataset/mtg-jamendo/jazz_test_500_audio-low/track_0206006.mp3,/root/autodl-tmp/jazz_500_audio-low/track_0206006.mp3,06/206006.mp3,182.0,2261794,101AC16D5989A4301E6FA38D41D379C8,mp3,44100,2,low-bitrate,archived
track_0206014,dataset/mtg-jamendo/jazz_test_500_audio-low/track_0206014.mp3,/root/autodl-tmp/jazz_500_audio-low/track_0206014.mp3,14/206014.mp3,108.0,1350213,481AE65807DE86FA0AB0CFEFF1E009E3,mp3,44100,2,low-bitrate,archived
track_0206067,dataset/mtg-jamendo/jazz_test_500_audio-low/track_0206067.mp3,/root/autodl-tmp/jazz_500_audio-low/track_0206067.mp3,67/206067.mp3,132.0,1606359,D025407D4E00E7043ECAE1368617AA51,mp3,44100,2,low-bitrate,archived
track_0210643,dataset/mtg-jamendo/jazz_test_500_audio-low/track_0210643.mp3,/root/autodl-tmp/jazz_500_audio-low/track_0210643.mp3,43/210643.mp3,192.1,1710847,78625275194943A390C34A5FC761A7BC,mp3,44100,2,low-bitrate,archived
track_0211821,dataset/mtg-jamendo/jazz_test_500_audio-low/track_0211821.mp3,/root/autodl-tmp/jazz_500_audio-low/track_0211821.mp3,21/211821.mp3,162.4,1958877,BB4DEF6C0EAEBD87576775C2423DCE70,mp3,44100,2,low-bitrate,archived
track_0211832,dataset/mtg-jamendo/jazz_test_500_audio-low/track_0211832.mp3,/root/autodl-tmp/jazz_500_audio-low/track_0211832.mp3,32/211832.mp3,174.0,2055453,CDEC02EE73503AB86B4778BB3B20D33C,mp3,44100,2,low-bitrate,archived
track_0218031,dataset/mtg-jamendo/jazz_test_500_audio-low/track_0218031.mp3,/root/autodl-tmp/jazz_500_audio-low/track_0218031.mp3,31/218031.mp3,301.2,3702637,CF72504F16F2206FED80730240E5DE17,mp3,44100,2,low-bitrate,archived
track_0226029,dataset/mtg-jamendo/jazz_test_500_audio-low/track_0226029.mp3,/root/autodl-tmp/jazz_500_audio-low/track_0226029.mp3,29/226029.mp3,267.9,3239995,5EC1FE1E9835FE7151090467844608C9,mp3,44100,2,low-bitrate,archived
