audio_id,duration_s,sample_rate,n_channels,n_samples,rms_mean,rms_std,rms_max,rms_min,zcr_mean,zcr_std,zcr_max,energy,energy_db,spectral_centroid_mean,spectral_centroid_std,spectral_bandwidth_mean,spectral_bandwidth_std,spectral_rolloff_mean,spectral_rolloff_std,spectral_flatness_mean,spectral_flatness_std,spectral_contrast_band1_mean,spectral_contrast_band1_std,spectral_contrast_band2_mean,spectral_contrast_band2_std,spectral_contrast_band3_mean,spectral_contrast_band3_std,spectral_contrast_band4_mean,spectral_contrast_band4_std,spectral_contrast_band5_mean,spectral_contrast_band5_std,spectral_contrast_band6_mean,spectral_contrast_band6_std,spectral_contrast_band7_mean,spectral_contrast_band7_std,mfcc1_mean,mfcc1_std,mfcc2_mean,mfcc2_std,mfcc3_mean,mfcc3_std,mfcc4_mean,mfcc4_std,mfcc5_mean,mfcc5_std,mfcc6_mean,mfcc6_std,mfcc7_mean,mfcc7_std,mfcc8_mean,mfcc8_std,mfcc9_mean,mfcc9_std,mfcc10_mean,mfcc10_std,mfcc11_mean,mfcc11_std,mfcc12_mean,mfcc12_std,mfcc13_mean,mfcc13_std,mfcc14_mean,mfcc14_std,mfcc15_mean,mfcc15_std,mfcc16_mean,mfcc16_std,mfcc17_mean,mfcc17_std,mfcc18_mean,mfcc18_std,mfcc19_mean,mfcc19_std,mfcc20_mean,mfcc20_std,mfcc_delta1_mean,mfcc_delta2_mean,mfcc_delta3_mean,mfcc_delta4_mean,mfcc_delta5_mean,mfcc_delta6_mean,mfcc_delta7_mean,mfcc_delta8_mean,mfcc_delta9_mean,mfcc_delta10_mean,mfcc_delta11_mean,mfcc_delta12_mean,mfcc_delta13_mean,mfcc_delta14_mean,mfcc_delta15_mean,mfcc_delta16_mean,mfcc_delta17_mean,mfcc_delta18_mean,mfcc_delta19_mean,mfcc_delta20_mean,chroma_C_mean,chroma_C_std,chroma_C#_mean,chroma_C#_std,chroma_D_mean,chroma_D_std,chroma_D#_mean,chroma_D#_std,chroma_E_mean,chroma_E_std,chroma_F_mean,chroma_F_std,chroma_F#_mean,chroma_F#_std,chroma_G_mean,chroma_G_std,chroma_G#_mean,chroma_G#_std,chroma_A_mean,chroma_A_std,chroma_A#_mean,chroma_A#_std,chroma_B_mean,chroma_B_std,dominant_note,dominant_note_name,bpm,n_beats,beat_interval_mean,beat_interval_std,first_beat_time,last_beat_time,loudness_lufs,original_filename
01M0E9X162CTB4D15WZQ5D8FVX,30.00018140589569,44100,1,1323008,0.06138591468334198,0.05493401363492012,0.25463852286338806,5.157562191016041e-05,0.10959543490087041,0.07037542617365909,0.52001953125,8984.31640625,39.53485038341195,4057.8023492826756,1505.209362204919,3637.1878449983064,795.3041697664095,7603.6530804219055,3017.4232424412644,0.005935602355748415,0.018649278208613396,16.648788288351216,6.260562076433653,23.09072837017142,5.603658975957674,23.862495592844986,6.048966234563862,24.09126678222577,5.764661885881026,22.784696982079055,5.1770281549080295,26.71854919638863,6.331895355667094,37.06658000616389,7.820134364338262,-319.1060791015625,118.68811798095703,63.385093688964844,36.863441467285156,-69.97583770751953,39.56462478637695,4.555390357971191,26.790985107421875,-6.535219669342041,26.07969093322754,5.598470211029053,15.183223724365234,-47.91642761230469,24.133756637573242,18.566593170166016,14.456018447875977,-10.588991165161133,12.723694801330566,-22.131938934326172,15.1221923828125,-10.580065727233887,11.968546867370605,-10.563785552978516,11.423373222351074,-21.566862106323242,12.267523765563965,-5.017767906188965,9.984910011291504,-15.83022689819336,8.69008731842041,-13.360036849975586,9.845428466796875,6.406175136566162,8.394186973571777,-11.045997619628906,7.956005573272705,-14.223509788513184,7.942439079284668,-6.961808681488037,8.485429763793945,-0.17342029511928558,-0.03626980632543564,0.02934010699391365,-0.0003526632208377123,0.0110968928784132,-0.004349175374954939,0.019474346190690994,-0.010398377664387226,0.005739518441259861,0.008163929916918278,-0.008626434952020645,-0.010043333284556866,0.0057670800015330315,-0.001487747416831553,0.0021762633696198463,0.0022575438488274813,-0.00527901342138648,0.009188063442707062,0.007455743849277496,0.006680269259959459,0.3552758991718292,0.3452375829219818,0.2522448003292084,0.24796555936336517,0.20868565142154694,0.24871112406253815,0.19028671085834503,0.20555023849010468,0.34794875979423523,0.30926454067230225,0.4692170321941376,0.34695497155189514,0.46524542570114136,0.3147014081478119,0.3898439407348633,0.3266162574291229,0.29937636852264404,0.2463187575340271,0.36246931552886963,0.35006725788116455,0.259669691324234,0.26424574851989746,0.27850019931793213,0.2675250768661499,5,F,117.45383522727273,50,0.5056263593872923,0.03342426221291556,1.7763265306122449,26.55201814058957,-18.640636686628586,f0b8fba5717578aecd96cb0114ff8ad7_01M0E9X162CTB4D15WZQ5D8FVX.wav
01M0E9X17RZ522YBF6Z913H4VJ,30.00018140589569,44100,1,1323008,0.033364664763212204,0.0496923066675663,0.19994795322418213,0.0,0.07807777744197292,0.08007785077586144,0.4912109375,4745.21044921875,36.76255478071577,2729.892926439786,2462.6239128168713,2263.432194560243,1912.4330822377028,4821.321664954062,4617.5590506630115,0.3948458731174469,0.4801183044910431,13.957839361162362,4.475931770462704,18.83912085181609,6.170873129656522,19.698307298010985,5.9872499092911315,20.7330046986534,6.434465874086159,19.568078032901294,5.1880511231519275,22.916049886260467,7.206645268644432,27.6385503077419,11.811498462446538,-456.5487365722656,167.2572479248047,26.976346969604492,33.94620895385742,-46.51872253417969,49.193599700927734,0.10813701152801514,20.987804412841797,0.5645836591720581,19.188039779663086,4.913905620574951,10.455421447753906,-24.96047592163086,29.219114303588867,12.651339530944824,15.297582626342773,-6.432122707366943,11.698545455932617,-13.114276885986328,16.636892318725586,-6.842665672302246,9.836305618286133,-8.802969932556152,12.38851547241211,-11.566669464111328,13.517276763916016,-0.6737228631973267,7.055260181427002,-7.981103420257568,9.908469200134277,-8.255424499511719,10.018662452697754,4.348916053771973,7.1913065910339355,-4.816561698913574,7.968907356262207,-10.231965065002441,11.882720947265625,-4.026453495025635,10.333293914794922,-0.008136777207255363,0.00830104947090149,0.02543758787214756,0.0006950725219212472,-0.009736555628478527,-0.014253680594265461,0.012970561161637306,0.005681031849235296,0.010842940770089626,0.002882101107388735,-0.0062077585607767105,0.0022094002924859524,-0.004406058229506016,0.0022469167597591877,0.004302710294723511,-0.0008835314656607807,-0.003598315641283989,-0.0028312373906373978,0.0027246803510934114,0.005148652475327253,0.22842444479465485,0.31416529417037964,0.1636115163564682,0.2280358523130417,0.17164753377437592,0.24632921814918518,0.17379797995090485,0.24645505845546722,0.29484352469444275,0.3278398811817169,0.4526963233947754,0.43680375814437866,0.2565368413925171,0.29077211022377014,0.16813865303993225,0.24383799731731415,0.15309059619903564,0.23000548779964447,0.12954431772232056,0.21330159902572632,0.09307431429624557,0.1728365421295166,0.15156351029872894,0.24426832795143127,5,F,161.4990234375,76,0.3832840513983371,0.02532950703764962,0.7662585034013606,29.512562358276643,-18.378417923920388,6296d8903f0d52a9225aaafabb1eb449_01M0E9X17RZ522YBF6Z913H4VJ.wav
01M0E9X19DMAXGT6QD167G1YJX,30.00018140589569,44100,1,1323008,0.06580658257007599,0.05769871175289154,0.22666221857070923,0.0002554601524025202,0.12782504231141198,0.06555190041772087,0.52197265625,10140.69921875,40.06067901385423,4337.044426418867,1392.5857579062192,3616.6868525031946,686.4479014448876,7905.201224764265,2839.9349524187687,0.007818429730832577,0.02002476342022419,12.443795159102052,4.785804250575801,18.96864014970768,7.1431366525463025,22.0814065044873,6.387341112391944,23.09465600090391,5.997971645404573,21.85785078730155,5.430947408909938,26.22002676610858,6.0804339049014615,38.025805519728,6.982565822446564,-302.5748596191406,107.48143768310547,50.3619499206543,30.53135871887207,-80.708251953125,37.31306457519531,1.6259403228759766,25.34113311767578,-10.58997631072998,25.950162887573242,6.757758617401123,13.831997871398926,-39.70818328857422,23.858428955078125,25.182289123535156,14.388845443725586,-12.119077682495117,14.203298568725586,-21.944686889648438,15.162008285522461,-11.271326065063477,12.101158142089844,-13.938299179077148,12.808455467224121,-20.471208572387695,10.27971076965332,-6.754297733306885,9.743144989013672,-15.641162872314453,9.153801918029785,-14.50389575958252,10.697888374328613,5.498905181884766,9.618361473083496,-5.25512170791626,9.282025337219238,-9.963354110717773,14.690774917602539,-0.8519840240478516,17.582935333251953,-0.0336117297410965,-0.006884392350912094,0.02027755044400692,0.01521975640207529,-0.0007229567272588611,0.007366316858679056,-0.007987022399902344,-0.014285685494542122,0.0036652651615440845,-0.00804835930466652,-0.009057475253939629,-0.0023084667045623064,-0.005204625893384218,0.0034311593044549227,-0.0008331733988597989,-0.0028765355236828327,-0.00045305618550628424,-0.0036144352052360773,-0.00453924760222435,-0.0025775444228202105,0.34102267026901245,0.32003745436668396,0.2565065622329712,0.24549047648906708,0.3126905560493469,0.31151488423347473,0.2890439033508301,0.27006155252456665,0.39445289969444275,0.32543548941612244,0.4936119318008423,0.37108129262924194,0.38902029395103455,0.30422380566596985,0.32410186529159546,0.3019840717315674,0.2766052782535553,0.2709030508995056,0.2743344306945801,0.29638540744781494,0.19035793840885162,0.2009880691766739,0.310058057308197,0.32548898458480835,5,F,120.18531976744185,52,0.5001396114001156,0.025273900832271726,3.5062131519274375,29.013333333333332,-18.05765786160454,0e5bed0b45b606bc1d1b7678bc07bc70_01M0E9X19DMAXGT6QD167G1YJX.wav
01M0E9X1AGP5JXX7YEA7NAV25V,30.00018140589569,44100,1,1323008,0.04818735644221306,0.053128767758607864,0.18885836005210876,0.0,0.1025075178312379,0.06427998936068931,0.453125,6809.63623046875,38.33123912600053,3943.03577179274,1829.9805533177794,3507.3203035159668,1405.2548795111563,7372.585567275145,3955.884610655816,0.0958133339881897,0.2754640281200409,13.004536214536017,5.232734810631753,19.314004613300337,6.176892264201922,21.509041950972428,6.02644213533961,22.357840550610575,6.410550093373312,20.859775593395444,4.8853771233486905,24.69062280502354,6.243279787421131,33.456422590743955,10.040994795955319,-371.6864929199219,148.1074676513672,46.4571533203125,33.462955474853516,-63.06843566894531,46.618988037109375,-3.2157859802246094,24.394201278686523,-4.899083614349365,20.43118667602539,6.083702564239502,12.159710884094238,-33.78486633300781,26.982711791992188,18.001890182495117,15.26435375213623,-8.042316436767578,13.320520401000977,-16.406158447265625,14.388676643371582,-12.136798858642578,11.540609359741211,-13.651780128479004,12.459756851196289,-16.721620559692383,11.621899604797363,-5.5173115730285645,9.306519508361816,-11.336860656738281,9.08835506439209,-10.020242691040039,9.526569366455078,4.241995811462402,8.010523796081543,-7.149738788604736,9.2844877243042,-12.115226745605469,12.5817232131958,-4.720114707946777,14.084811210632324,-0.16295978426933289,-0.03599761426448822,0.04020721837878227,0.004200697410851717,0.011823019944131374,-0.001490043941885233,0.020567744970321655,-0.011238603852689266,0.00669514574110508,0.0043124789372086525,-0.0024800030514597893,0.00606115534901619,0.010631594806909561,6.27462359261699e-05,0.007989881560206413,0.004297763574868441,-0.010259457863867283,0.0015421677380800247,0.0047816019505262375,-0.0026288204826414585,0.35078948736190796,0.3616143465042114,0.22574758529663086,0.26147013902664185,0.2121681272983551,0.25249114632606506,0.24442735314369202,0.26431214809417725,0.35346972942352295,0.3133804202079773,0.557660698890686,0.3910183608531952,0.32595282793045044,0.2791045606136322,0.25028350949287415,0.2584019601345062,0.23867961764335632,0.25765618681907654,0.1718481332063675,0.2305223047733307,0.13389621675014496,0.17606595158576965,0.2592310607433319,0.31808415055274963,5,F,79.50721153846153,29,0.7820149011985748,0.07978816327009092,0.8707482993197279,22.76716553287982,-18.99497475651582,13b90e65b754067abdde582a4439ff52_01M0E9X1AGP5JXX7YEA7NAV25V.wav
01M0E9X1BHAGVNQYTXE4CMNJV0,30.00018140589569,44100,1,1323008,0.07161470502614975,0.06135418638586998,0.2590187191963196,9.44576968322508e-05,0.12425048355899419,0.0794443952063042,0.57958984375,11770.1162109375,40.70780750823025,4213.736370977193,1574.7429274300023,3536.001870035938,768.1617108951502,7516.237438799565,3031.363623549925,0.008900551125407219,0.03540487587451935,13.83130045101509,5.312127552361099,20.118010307324663,6.712064883300763,23.677559691671043,6.4115492569349755,23.840651451104254,5.579946608285133,22.724250394388072,4.927656360790573,26.97264190065899,6.28742386421782,38.22295596152005,6.990203450504824,-299.2605285644531,110.8130874633789,58.31987380981445,29.73513412475586,-84.26412963867188,37.543922424316406,-2.40364670753479,24.998258590698242,-14.83510684967041,23.27381706237793,1.0367153882980347,16.773305892944336,-49.669219970703125,26.977479934692383,20.457805633544922,13.816645622253418,-11.219735145568848,13.066204071044922,-20.86505699157715,15.114554405212402,-7.8362956047058105,11.17713737487793,-11.7434720993042,11.12738037109375,-20.975671768188477,11.47087574005127,-3.2123329639434814,13.667044639587402,-15.828409194946289,8.843184471130371,-12.833982467651367,9.84220027923584,4.973171710968018,9.592188835144043,-8.173831939697266,9.963216781616211,-13.0606689453125,13.327990531921387,-6.092183589935303,14.378630638122559,0.13609082996845245,0.017474833875894547,-0.01371187437325716,-0.011827167123556137,-0.0002629543887451291,0.0020742423366755247,-0.01760251075029373,0.012683567591011524,-0.008845705538988113,-0.00022216774232219905,-0.009014596231281757,0.003787688910961151,-0.006043716799467802,-0.0025037017185240984,-0.009825283661484718,-0.0038523979019373655,0.0012195516610518098,0.0037694573402404785,0.0007150417659431696,0.0010138661600649357,0.37933671474456787,0.35357698798179626,0.3107002377510071,0.2590923607349396,0.3972547650337219,0.3638554811477661,0.2826738655567169,0.25239989161491394,0.3756721615791321,0.3292131721973419,0.4050234854221344,0.3302154839038849,0.375900536775589,0.2937523424625397,0.31241530179977417,0.3108212947845459,0.26732391119003296,0.2582032084465027,0.28108882904052734,0.29576849937438965,0.19233042001724243,0.21099957823753357,0.3103068768978119,0.3094196617603302,5,F,120.18531976744185,59,0.4986285088748143,0.03398034322266006,0.5224489795918368,29.442902494331065,-17.505063373564965,e8fb173150cd26420e155e6959acf3f5_01M0E9X1BHAGVNQYTXE4CMNJV0.wav
01M0E9X1CNR601CZY38WVQB82E,2.0148979591836733,44100,1,88857,0.0,0.0,0.0,0.0,0.0,0.0,0.0,0.0,-100.0,0.0,0.0,0.0,0.0,0.0,0.0,1.0000008344650269,1.1920928955078125e-07,0.0,0.0,0.0,0.0,0.0,0.0,0.0,0.0,0.0,0.0,0.0,0.0,0.0,0.0,-1131.370849609375,0.0,0.0,0.0,0.0,0.0,0.0,0.0,0.0,0.0,0.0,0.0,0.0,0.0,0.0,0.0,0.0,0.0,0.0,0.0,0.0,0.0,0.0,0.0,0.0,0.0,0.0,0.0,0.0,0.0,0.0,0.0,0.0,0.0,0.0,0.0,0.0,0.0,0.0,0.0,-2.923907335461483e-15,0.0,0.0,0.0,0.0,0.0,0.0,0.0,0.0,0.0,0.0,0.0,0.0,0.0,0.0,0.0,0.0,0.0,0.0,0.0,0.0,0.0,0.0,0.0,0.0,0.0,0.0,0.0,0.0,0.0,0.0,0.0,0.0,0.0,0.0,0.0,0.0,0.0,0.0,0.0,0.0,0.0,0.0,0.0,0,C,0.0,0,,,,,-inf,258454060d359241f2ea3499f91e4fd9_01M0E9X1CNR601CZY38WVQB82E.wav
01M0E9X1D5FB4ZND9B13XSD71K,98.45657596371882,44100,1,4341935,0.11817658692598343,0.07192289084196091,0.43783098459243774,0.0,0.07425646067312228,0.07583065740301234,0.49365234375,83105.078125,49.196275621028136,3683.8631107202623,1930.5070964178776,3982.1097665469756,1171.656099840293,8151.440887397197,3906.9365346134723,0.021715065464377403,0.14008335769176483,18.223867632213196,6.10147890419471,13.339533089258188,5.247161494781168,21.64388318757749,6.799232292936472,21.255633249190947,6.573655610984501,17.611746909545335,4.73140741766492,19.30051513976416,5.043062146183134,55.31844416161388,8.197804738552888,-234.78179931640625,98.39928436279297,81.54866790771484,45.36030578613281,2.3718602657318115,42.0380973815918,37.10849380493164,31.106264114379883,6.161318778991699,21.8289794921875,26.53569221496582,21.355186462402344,-12.117855072021484,19.370872497558594,24.912822723388672,18.284372329711914,-6.47727632522583,13.377394676208496,-3.263380527496338,14.961302757263184,1.78318452835083,13.923249244689941,-0.14452746510505676,13.688714981079102,-7.365477561950684,12.474844932556152,0.7807965278625488,11.896052360534668,-6.010165214538574,11.403483390808105,4.252378940582275,11.50716495513916,-2.8426899909973145,12.729674339294434,5.170012950897217,14.873785972595215,3.8054137229919434,15.01394271850586,4.958641052246094,13.339384078979492,0.00690424581989646,0.004127096850425005,-0.0005049510509707034,0.0003986347292084247,0.0002348919806536287,0.0007809631060808897,0.00016140294610522687,-0.0005313024157658219,-0.0001611928892089054,-0.0004979675286449492,-0.0001994715421460569,0.00039783792453818023,0.000446325313532725,-0.00015360262477770448,-0.0005765680107288063,-0.0005943426513113081,-0.0006879459833726287,-0.00032981642289087176,-0.00024328460858669132,-0.0007849936955608428,0.32447001338005066,0.3159884512424469,0.29377713799476624,0.29985201358795166,0.32033830881118774,0.3222472071647644,0.33935073018074036,0.31796953082084656,0.4036951959133148,0.3752151131629944,0.35979488492012024,0.3242177665233612,0.3881891965866089,0.34062111377716064,0.3874204754829407,0.34898340702056885,0.3529736399650574,0.3060912787914276,0.39745602011680603,0.3517422080039978,0.40095892548561096,0.31663355231285095,0.43257543444633484,0.3609372675418854,11,B,120.18531976744185,190,0.5000275948121753,0.02231316098459953,0.2438095238095238,94.74902494331066,-17.265293378901855,de3496908c92f8421727d3e527103b57_01M0E9X1D5FB4ZND9B13XSD71K.mp3
01M0RFPVN7FD6R26FDRFX77R9Z,210.39020408163265,44100,1,9278208,0.10719645023345947,0.07192178815603256,0.4340103268623352,0.0001558176736580208,0.01783654600589063,0.011611985401566457,0.21044921875,154614.671875,51.89250703114108,912.8618334644057,416.9391982331858,1508.2340293107932,441.07278089401035,1526.7744451021204,1242.507789301621,2.451288537486107e-06,0.00013355865667108446,19.02914137657065,5.928927353290865,17.302583636119326,4.904970534929584,20.06951715284603,5.17011895075051,20.077119386430777,4.851935267893941,18.87720271420607,3.9941660506448,21.034513324054803,5.435228114660115,50.702755951912906,2.4308193895433,-337.37762451171875,60.71894073486328,143.69235229492188,33.48482131958008,25.35601234436035,32.97867965698242,23.358951568603516,12.421607971191406,35.4072265625,11.199999809265137,8.131401062011719,12.725127220153809,-0.4679081439971924,10.76073169708252,4.1925482749938965,7.9922332763671875,-4.318015098571777,9.486065864562988,-9.655075073242188,8.439627647399902,-7.832273960113525,7.553779125213623,-7.670865535736084,7.664146423339844,-6.707937717437744,8.704834938049316,-8.520340919494629,8.973589897155762,-14.335288047790527,8.564970016479492,-13.70035171508789,8.712576866149902,-8.213373184204102,9.115255355834961,-7.8885498046875,8.29166316986084,-10.003646850585938,8.527621269226074,-9.193693161010742,9.173467636108398,-0.003242931328713894,-0.003581458004191518,-0.0016334127867594361,-0.00048548579798080027,-0.0003711596946232021,-0.00035967299481853843,-0.00014552687935065478,1.6940297427936457e-05,0.00027458820841275156,0.0006669193389825523,0.0007046947139315307,0.0003067491634283215,1.8252849258715287e-05,3.8520083762705326e-05,0.00014214283146429807,0.00027979884180240333,0.0003399456909392029,7.649726467207074e-05,-0.0002847769355867058,-0.00033282258664257824,0.3220353126525879,0.28475871682167053,0.4855921268463135,0.3325267434120178,0.5915400981903076,0.4037814438343048,0.41813844442367554,0.281127005815506,0.25198519229888916,0.29317718744277954,0.16309954226016998,0.2361353039741516,0.1262439787387848,0.19140107929706573,0.15513260662555695,0.23058927059173584,0.2543977200984955,0.34394487738609314,0.2991222143173218,0.385084867477417,0.2781980037689209,0.29494622349739075,0.2878194749355316,0.2916278541088104,2,D,103.359375,358,0.5768890413308181,0.03876728526173122,0.046439909297052155,205.9958276643991,-18.104405880944714,3a9570be947691c9da7313787e0c3f43_01M0RFPVN7FD6R26FDRFX77R9Z.mp3
01M0RFPVNJ21SF5Y7VHPP8QV6T,285.8579591836735,44100,1,12606336,0.16837987303733826,0.0804813876748085,0.456287682056427,1.456014251743909e-05,0.05779715469778044,0.06075249610768144,0.63134765625,439071.0,56.42534753533695,2682.52497236552,1409.4461116712923,3114.7147480200524,892.019651367935,5735.113545717499,2929.914883258851,0.0009039490250870585,0.008862179704010487,17.856764773493424,5.6429740177498875,12.498582546041604,4.3985186820605655,17.296617347852415,5.0695991783583745,20.138432402632553,4.893177500728446,20.876417334378875,4.636410893526731,19.899021937470796,4.563624628075943,56.32715135848639,3.7724573300007704,-168.2349090576172,80.10875701904297,133.34466552734375,37.051902770996094,-19.9012393951416,28.807106018066406,43.66395568847656,19.7246150970459,-7.689811706542969,18.281225204467773,25.283239364624023,13.135061264038086,-1.245380163192749,13.709357261657715,7.443418025970459,13.665715217590332,1.5506744384765625,14.15603256225586,5.230340003967285,11.410945892333984,-4.200555801391602,11.554342269897461,3.9016225337982178,8.814281463623047,5.125580787658691,9.290243148803711,3.2880399227142334,8.860526084899902,3.697080135345459,9.753942489624023,1.0097286701202393,10.546822547912598,3.094090700149536,9.107222557067871,2.416660785675049,9.701292037963867,5.7546706199646,10.453473091125488,1.0859571695327759,10.059699058532715,6.19721740591217e-09,-3.718330532365144e-09,-2.323956582728215e-10,1.5493043514780425e-09,6.197217738979077e-10,-6.197217738979077e-10,3.0986088694895386e-10,3.873260878695106e-10,5.03523944761497e-10,1.007047889522994e-09,5.809891456820537e-11,5.809891456820537e-11,6.584543466026105e-10,6.003554320344051e-10,-3.0986088694895386e-10,6.003554320344051e-10,3.873261086861923e-11,1.0845130349323995e-09,-3.4859348740923224e-10,-1.1619782913641075e-09,0.3650117516517639,0.3154852092266083,0.339017778635025,0.2556740641593933,0.4585440158843994,0.31295937299728394,0.40450167655944824,0.2738969922065735,0.44262993335723877,0.30623236298561096,0.46722087264060974,0.33106499910354614,0.41849055886268616,0.27070870995521545,0.5160111784934998,0.3487345278263092,0.44587066769599915,0.28046858310699463,0.4681868851184845,0.32491523027420044,0.4409944713115692,0.29083219170570374,0.3993712365627289,0.29361850023269653,7,G,143.5546875,673,0.4183738257207645,0.016990207708546208,0.3599092970521542,281.5071201814059,-15.140514452206332,ecfb89c0cd2208c39e00aac31a253a1f_01M0RFPVNJ21SF5Y7VHPP8QV6T.mp3
01M0RFPVP4DRN0N5QYQ124EVEY,312.26666666666665,44100,1,13770960,0.06779589504003525,0.07355773448944092,0.7174849510192871,0.0,0.04236475678630516,0.03399944500198274,0.34130859375,137809.390625,51.39278812329692,2163.4488737284987,971.4086739197944,2871.2871352170505,726.1120647274938,4589.306246688757,2362.9315035885243,0.0004332355165388435,0.01369968056678772,14.053022442603279,5.294649720727941,10.061520921254438,3.7063638421207594,13.272085207411312,4.153807214827931,16.09715996602442,4.283881347147815,16.18713645769888,3.76453658138024,16.187518842984826,3.0742298935139662,53.10242191979655,3.6398167843611815,-272.5946350097656,75.13792419433594,123.4629898071289,36.44330596923828,8.972271919250488,29.57238006591797,23.22264289855957,23.317157745361328,6.5110979080200195,12.328726768493652,5.343873500823975,11.429817199707031,6.57940149307251,9.300200462341309,1.632290005683899,9.600071907043457,0.5619736909866333,9.491231918334961,0.36613523960113525,8.683160781860352,1.071231722831726,7.653838157653809,2.96926212310791,7.256405830383301,2.564347505569458,7.388351917266846,1.1201727390289307,6.698296070098877,0.611781120300293,6.349883556365967,-0.45060020685195923,6.157015323638916,0.533577024936676,6.468149185180664,0.946044921875,6.3853912353515625,-0.41674765944480896,6.423891067504883,-0.5977789759635925,6.070273399353027,-5.879005038877949e-05,-8.646854985272512e-05,-9.548096568323672e-05,-0.00010713786468841136,-0.00011602207814576104,-0.00011520255793584511,-9.873173985397443e-05,-6.512935942737386e-05,-1.9902397980331443e-05,2.50333032454364e-05,5.574523675022647e-05,6.288805161602795e-05,4.701949001173489e-05,1.9183054973836988e-05,-4.364278083812678e-06,-1.087777127395384e-05,1.5844127574382583e-06,2.2873966372571886e-05,3.677629501908086e-05,3.1097875762498006e-05,0.5890523791313171,0.3102046847343445,0.5093849301338196,0.29944244027137756,0.4861892759799957,0.2991730868816376,0.5134640336036682,0.29522421956062317,0.5532293319702148,0.28926795721054077,0.5551271438598633,0.29148292541503906,0.5125157833099365,0.2666715383529663,0.5317505598068237,0.2877964973449707,0.5441831350326538,0.3027532994747162,0.5374929308891296,0.2917838990688324,0.5260166525840759,0.2937629520893097,0.558907687664032,0.2953464388847351,0,C,147.65625,734,0.40647591824360485,0.013355055722587236,9.044172335600907,306.99102040816325,-21.04107134271046,1ffebc2bd5ff8c6fad820477a0d14f58_01M0RFPVP4DRN0N5QYQ124EVEY.mp3
01M0RFPVPNNQ8XKY1MCWV09261,440.42448979591836,44100,1,19422720,0.09574788808822632,0.062311410903930664,0.43845659494400024,1.5851468560867943e-05,0.038667341768867304,0.06090886498014417,0.62158203125,253480.78125,54.039450369889494,2005.8019507899967,1592.3665691118827,2821.6141367012974,999.4164605916503,4034.9848727544418,3469.142869978072,0.0006458324496634305,0.007357251830399036,18.235944239330625,5.503133874875957,12.299244139150817,4.475386024191709,17.886579576862797,5.67867013279722,19.67328856743427,5.65869227272876,18.101713274100458,4.861356491541741,16.84841125012846,3.7828971449849886,53.73697952620227,4.263062846013986,-287.0926818847656,102.85047149658203,128.7715606689453,44.195533752441406,18.730758666992188,36.16706848144531,44.742488861083984,19.157733917236328,8.302997589111328,21.08313751220703,21.00681495666504,14.633691787719727,8.728318214416504,13.893364906311035,8.75457763671875,12.258584022521973,5.27520751953125,11.093354225158691,5.769941806793213,9.938104629516602,2.2011563777923584,10.738005638122559,4.760294437408447,9.46324634552002,4.924495220184326,9.191972732543945,4.376879692077637,9.37973690032959,4.411312103271484,9.536138534545898,1.2837324142456055,9.230226516723633,4.776693344116211,8.805971145629883,4.359703063964844,8.886601448059082,4.400062084197998,8.646862030029297,3.435468912124634,9.111394882202148,-4.0222452035720835e-09,-2.413347077734329e-09,9.050051263947978e-10,5.027806504465104e-10,8.04449007407726e-10,1.3072296578542364e-09,-1.2066735388671646e-09,9.050051263947978e-10,1.0684088058710017e-09,3.268074144635591e-10,5.027806504465104e-10,-3.0166838471679114e-10,-4.650720919485707e-10,3.268074144635591e-10,-8.798661105258176e-11,6.28475813058138e-11,2.011122518519315e-10,4.525025631973989e-10,3.896550027082668e-10,7.541709617919778e-11,0.5169234275817871,0.3239262104034424,0.4720710217952728,0.29659518599510193,0.49545326828956604,0.29147839546203613,0.5666027069091797,0.30312737822532654,0.5594371557235718,0.2990749776363373,0.5612478852272034,0.32433828711509705,0.5243567228317261,0.2802959680557251,0.5662925839424133,0.2878636121749878,0.5734437704086304,0.2817751467227936,0.49867039918899536,0.26702648401260376,0.4928004741668701,0.2836868166923523,0.49059930443763733,0.29182663559913635,8,G#,139.6748310810811,966,0.4321799020126185,0.03453836816395321,17.38013605442177,434.43374149659866,-19.665052371943137,515480a47dbd89441fb385af845590d8_01M0RFPVPNNQ8XKY1MCWV09261.mp3
01M0RFPVQ9VHGMFC40XBGPPTWQ,249.50160997732425,44100,1,11003021,0.14295773208141327,0.08072490990161896,0.5056993365287781,1.2025697287754156e-05,0.06596677188270672,0.0606578191443471,0.47509765625,296579.15625,54.72140625304295,2584.724600518637,2554.478352846763,3066.840892578104,1771.488382181546,5267.604026103951,5198.377165074659,0.0006180252530612051,0.0027086250483989716,13.044323658954806,5.421275831203335,12.086451548248933,4.128683852061853,16.410886996340594,4.671469227902105,23.259535138269236,6.7565268811216015,21.19481773220798,5.031161908951692,21.330620165270734,5.177496247349382,55.06709532997798,6.4624143835693255,-242.83750915527344,69.44886779785156,140.1730499267578,46.700645446777344,24.1122989654541,34.58491516113281,31.132089614868164,17.95222282409668,10.564003944396973,16.90094566345215,7.539025783538818,16.673389434814453,3.5102157592773438,13.221619606018066,7.558110237121582,14.031634330749512,6.794917106628418,14.918063163757324,9.66995620727539,13.872888565063477,1.0633009672164917,13.37380599975586,10.25399398803711,15.159646987915039,-4.075809478759766,14.098400115966797,5.454258918762207,14.617934226989746,-1.689406156539917,15.263138771057129,-1.144055962562561,13.103582382202148,-0.5752206444740295,12.017171859741211,0.41030430793762207,10.776394844055176,-5.053884506225586,9.442426681518555,2.3249733448028564,9.989435195922852,-0.0063921078108251095,-0.004473682027310133,0.0008790069841779768,0.00016187684377655387,-0.0005948269390501082,0.0005119004636071622,0.0002190708473790437,-0.0001406114752171561,8.668287773616612e-05,-0.000416833208873868,-0.00044750174856744707,3.9043312426656485e-05,-0.00013359072909224778,-6.954669515835121e-05,0.00025278213433921337,5.596427581622265e-05,0.00011646834900602698,0.00039705983363091946,0.00026320977485738695,0.00019845025963149965,0.370957612991333,0.30285561084747314,0.2985978424549103,0.25738435983657837,0.27240678668022156,0.27495068311691284,0.25002461671829224,0.23467378318309784,0.2993626296520233,0.2843373417854309,0.2971748113632202,0.2473560869693756,0.39202311635017395,0.3062587380409241,0.5237905979156494,0.34287285804748535,0.520253598690033,0.327006995677948,0.601543128490448,0.3787524998188019,0.4922957420349121,0.3136882185935974,0.39020341634750366,0.29129689931869507,9,A,139.6748310810811,473,0.4281425112417849,0.012723400938071163,14.663401360544217,216.74666666666667,-16.145703879513132,7cf0a50d65af6dd4d07a7dd7aae69dd1_01M0RFPVQ9VHGMFC40XBGPPTWQ.mp3
01M0RFPVQSC0HP4QJKKVCQYKCX,526.3412244897959,44100,1,23211648,0.1029815673828125,0.06412622332572937,0.4011887311935425,1.4781512618355919e-05,0.04162496415652021,0.054172785311141086,0.63037109375,341620.09375,55.3354340753247,1895.5596779581954,1375.0849369200034,2587.338154377377,947.6732733212718,3706.878032048207,3029.8473272496058,0.0005544672021642327,0.00710737518966198,18.27958735627345,5.6795218587218805,12.83470476723559,4.984212168647559,18.22975934973814,5.416861978739893,20.276737495136143,5.234125905354163,20.645566241812755,5.081795213894291,19.22941849494522,4.603249610603691,52.72853614351712,4.4918762886659795,-269.9272766113281,124.60126495361328,140.30821228027344,43.871673583984375,3.334368944168091,40.541786193847656,42.46409225463867,23.926036834716797,10.854005813598633,22.432048797607422,20.044445037841797,14.559268951416016,9.13335132598877,14.436505317687988,7.653557777404785,13.064242362976074,2.9956483840942383,11.606870651245117,5.938955783843994,9.585334777832031,-1.9340988397598267,10.30966567993164,2.1859147548675537,9.096442222595215,1.8271534442901611,8.923380851745605,1.837745189666748,8.755331993103027,-0.33183419704437256,9.093409538269043,-0.5244855880737305,9.882471084594727,1.6267399787902832,9.748340606689453,2.3481643199920654,8.929720878601074,1.8946322202682495,8.733526229858398,-1.1698977947235107,8.95013427734375,-2.6925690566059757e-09,-1.3462845283029878e-09,3.3657113207574696e-10,-1.6828556603787348e-10,6.731422641514939e-10,-8.414278301893674e-11,-4.207139150946837e-11,-1.2621417799785206e-10,-1.6828556603787348e-10,3.891603705952207e-10,2.1035695754734185e-11,-3.786425339935562e-10,-6.731422641514939e-10,-1.0517847703894745e-10,1.998391174762304e-10,-2.41910491638464e-10,9.466063349838905e-11,-1.4724987895675667e-10,1.6828556603787348e-10,1.893212669967781e-10,0.47328460216522217,0.3403024673461914,0.4479055106639862,0.2912187874317169,0.5168818235397339,0.34442099928855896,0.4718412458896637,0.3244578242301941,0.4587193727493286,0.2914664149284363,0.5063952803611755,0.32158344984054565,0.4830867350101471,0.2767402231693268,0.539219856262207,0.32791683077812195,0.4028222858905792,0.2559371292591095,0.35612159967422485,0.2571204602718353,0.3564735949039459,0.28342899680137634,0.3542606830596924,0.255138635635376,7,G,105.46875,901,0.578486470143613,0.04494685927567418,0.6849886621315193,521.3228117913832,-18.167103088701776,12d7299f2ad4bd182c44d1f2aa14ae17_01M0RFPVQSC0HP4QJKKVCQYKCX.mp3
01M0RFPVRHY5G2H321MC6ZR7AZ,281.0514285714286,44100,1,12394368,0.1266174465417862,0.0687844455242157,0.3883870244026184,1.4686889699078165e-05,0.055511736822538,0.04207644695430783,0.615234375,257351.21875,54.10526229299406,2452.737374533823,1239.2768345508823,2901.714315020476,960.2081423152309,5135.893101260431,2890.433390819291,0.0002591408556327224,0.003008774481713772,15.971657272103032,5.23621935046466,11.48087041217277,4.055126471231768,16.73513188547521,4.593662550159583,20.38124802453432,4.7355207582829335,21.017854609400782,4.34906434165697,20.038924758362555,4.343641561591352,54.88147185972995,3.53238549143541,-182.9434051513672,68.88184356689453,147.95497131347656,36.73058319091797,-25.883573532104492,24.43134117126465,33.28653335571289,23.417316436767578,-7.391843795776367,16.697458267211914,23.06145477294922,13.540542602539062,-1.4390103816986084,13.240957260131836,6.336247444152832,14.438387870788574,3.6641461849212646,12.941803932189941,5.131604194641113,11.58452320098877,0.05250467732548714,9.967374801635742,5.14457893371582,8.358928680419922,4.446220874786377,8.767146110534668,4.069571018218994,8.31324291229248,3.301896572113037,8.365129470825195,3.0927741527557373,9.052504539489746,3.8664369583129883,9.022363662719727,2.683804512023926,8.94037914276123,2.837693214416504,9.31985855102539,-0.0776929035782814,10.312063217163086,0.00935693271458149,0.007315297145396471,0.00034044391941279173,7.423973147524521e-05,0.0009542388725094497,0.0006101402686908841,-0.00022363635071087629,2.5994873794843443e-05,0.00044571518083103,-0.0005246746586635709,-0.0006379879196174443,0.00025984583771787584,0.00021384558931458741,-1.7478283552918583e-05,-7.724110037088394e-05,-0.00019705948943737894,8.000621892279014e-05,0.0003018112329300493,9.298598160967231e-05,4.194134089630097e-05,0.521246075630188,0.3243822455406189,0.46154144406318665,0.2807919979095459,0.45915311574935913,0.30627360939979553,0.43895310163497925,0.25391271710395813,0.5081002712249756,0.30610722303390503,0.3903445601463318,0.26686838269233704,0.3777616322040558,0.2389218956232071,0.46630504727363586,0.29468196630477905,0.42492881417274475,0.2563207149505615,0.46424639225006104,0.31649425625801086,0.3770993947982788,0.24999646842479706,0.4788932204246521,0.2977748513221741,0,C,147.65625,684,0.4050913171515556,0.018541416295412935,0.3599092970521542,277.0372789115646,-17.774143231955943,3befa8983780f697b424cb71bd236663_01M0RFPVRHY5G2H321MC6ZR7AZ.mp3
01M0RFPVS7VN7C7RPNCZ2XYDFS,214.73814058956916,44100,1,9469952,0.14011716842651367,0.08570292592048645,0.5448290705680847,0.00042659862083382905,0.027389946258177002,0.03510892058484802,0.3994140625,255492.46875,54.07378102793537,1731.508400771008,1306.2407667452553,2699.520888953248,1140.3174684154621,3514.446456900105,3227.9729229099107,0.00048433971824124455,0.0031761573627591133,16.670261217583494,6.032151779484205,12.500308797885523,4.482098549646923,17.440435627334804,5.1676679380501795,19.204756477498798,5.310785733185516,19.54056851994047,4.879563919449955,18.909063198498757,4.86786233427326,51.35475320724786,3.569367399159313,-258.68060302734375,65.5305404663086,149.22647094726562,39.86653518676758,15.481192588806152,29.070602416992188,32.714595794677734,19.368310928344727,22.067598342895508,16.48076629638672,16.71513557434082,12.380448341369629,6.349793434143066,11.844834327697754,10.78131103515625,9.41223430633545,0.016105124726891518,9.429353713989258,5.9952712059021,10.144919395446777,-0.09486979991197586,9.647109985351562,2.2360713481903076,9.257739067077637,1.180243968963623,9.134748458862305,1.8173927068710327,8.537321090698242,-0.4746703505516052,7.565532684326172,-2.118748903274536,7.863011837005615,-1.0306544303894043,8.273721694946289,-0.715061366558075,7.758237838745117,-0.6636778116226196,8.073482513427734,-1.2678383588790894,7.9516096115112305,-0.01948326639831066,0.0007544211694039404,0.00173279014416039,-0.0013737919507548213,0.0025118885096162558,-0.000588627124670893,0.0011281836777925491,-0.001814890536479652,0.001119657652452588,-0.0012937423307448626,0.0006520372116938233,-0.0012864882592111826,0.0002582441084086895,-0.0004504641401581466,8.383499516639858e-05,-0.0007012134301476181,0.00026023827376775444,-0.00022220668324735016,0.00046509114326909184,0.00040486338548362255,0.4426065683364868,0.3304242789745331,0.43572503328323364,0.2978212535381317,0.5099978446960449,0.34562888741493225,0.4732646644115448,0.30627259612083435,0.5035297870635986,0.3160330057144165,0.5334911942481995,0.3485524356365204,0.43429383635520935,0.2594005763530731,0.4507697820663452,0.3128318190574646,0.4375501871109009,0.29754143953323364,0.444131463766098,0.3259139358997345,0.37101635336875916,0.26204562187194824,0.41641199588775635,0.299809068441391,5,F,101.33272058823529,364,0.589422237214445,0.035409143527822096,0.2089795918367347,214.16925170068026,-16.546968783162626,025ee64371ee3bbdf9718a473863917e_01M0RFPVS7VN7C7RPNCZ2XYDFS.mp3
01M0RFPVSQM6GZ0JRCMPDF9GE1,292.8326530612245,44100,1,12913920,0.14485478401184082,0.06406959891319275,0.3866780698299408,1.4857058886263985e-05,0.04328282346469492,0.0559176327952554,0.6240234375,323988.40625,55.10529469491373,2064.3214751215664,1401.8110449238436,2737.6309822549624,1061.5930545518695,4285.17230406338,3139.3464474974876,0.0009028430795297027,0.009069547988474369,17.345727279783375,5.396004358443378,11.779903615933453,4.0220310516450475,18.013531299603173,4.984000535552502,20.644462932314717,4.851120531345699,20.52487472817765,5.07006469021689,18.961861048034212,4.542704884015603,52.95183753910757,4.395610734531507,-207.3268280029297,93.28462982177734,155.5026092529297,38.12031555175781,-5.347958564758301,32.00642395019531,31.708534240722656,24.43766212463379,2.3316118717193604,20.17439842224121,24.037723541259766,14.696578025817871,2.123898983001709,11.883865356445312,10.2132568359375,12.529814720153809,1.032515287399292,10.80434513092041,8.085436820983887,9.809457778930664,-3.6054270267486572,8.824471473693848,2.044175624847412,8.740303993225098,3.437737226486206,8.50117301940918,2.7842185497283936,7.671081066131592,3.8149404525756836,8.209081649780273,3.045400381088257,9.067133903503418,2.896803379058838,8.340065956115723,2.016439199447632,9.151995658874512,3.808907985687256,10.52886962890625,2.151085376739502,10.38726806640625,-1.330901788776373e-08,2.1173438558008684e-09,2.192963144409532e-09,1.5123884089529582e-10,1.2099107271623666e-09,-2.2685825440404983e-10,2.6466798197510855e-10,1.8904855111911978e-11,4.1590680899261656e-10,-9.452427729428337e-10,-7.183845185387838e-10,2.2685825440404983e-10,3.591922592693919e-10,-7.561942044764791e-11,7.561942044764791e-11,1.795961268591384e-09,-1.7959612963469596e-10,5.198835251185585e-10,3.0247768179059165e-10,-9.074330176161993e-10,0.43531498312950134,0.3135150074958801,0.42189139127731323,0.26724690198898315,0.5105546712875366,0.3112887740135193,0.4461748003959656,0.2973942458629608,0.44352686405181885,0.28303009271621704,0.5429946184158325,0.3066326677799225,0.5002266764640808,0.2687336206436157,0.5179552435874939,0.3203144967556,0.38982781767845154,0.23088248074054718,0.42315736413002014,0.2717631459236145,0.4163372814655304,0.28218770027160645,0.3650008738040924,0.23628461360931396,5,F,132.51201923076923,638,0.4522423349245506,0.019584437439683106,0.313469387755102,288.39183673469387,-16.956740385242057,9a8eee827b10a2fa452023f0604d8fc0_01M0RFPVSQM6GZ0JRCMPDF9GE1.mp3
01M0RFPVT8N9F5BHQDGGGRMG21,323.7877551020408,44100,1,14279040,0.1448841542005539,0.07006808370351791,0.41918909549713135,1.5404615623992868e-05,0.044530903341147045,0.054045670188155565,0.6220703125,369844.34375,55.680189811643366,2418.832859893253,1437.620731396982,3032.728765873292,1004.6655763828426,5226.834716490484,3139.050147788746,0.0008477138471789658,0.008474476635456085,17.022067711876876,5.567700138730321,13.109505096522826,4.435787113937812,18.441958439584035,5.0525687597106135,19.883000906312006,4.763635922762627,19.64177705435334,4.477178901411489,19.813299296549282,4.672825585196613,54.5901453357261,3.9239397193774357,-201.50421142578125,96.73823547363281,140.18255615234375,39.695594787597656,-10.081543922424316,28.526437759399414,48.61255645751953,20.87957000732422,1.8043872117996216,18.471282958984375,20.716461181640625,13.770456314086914,2.0590643882751465,12.981508255004883,9.255867958068848,13.097124099731445,1.563084602355957,11.655267715454102,6.28489351272583,10.73932933807373,-3.0079233646392822,10.122371673583984,2.922466516494751,8.781510353088379,1.901171326637268,10.297795295715332,0.604013204574585,9.752883911132812,1.3609987497329712,9.74475383758545,-0.3405127227306366,9.5961332321167,-1.8008098602294922,9.17251968383789,-2.0880813598632812,9.050824165344238,0.43133485317230225,8.925834655761719,1.0727084875106812,10.145442962646484,-4.377005868860806e-09,-1.641377145311651e-09,2.4620656624563253e-09,5.471257336076008e-10,0.0,9.574699921799379e-10,5.471257336076008e-10,-1.1284467804628662e-09,-3.7614891756909685e-10,-8.548839414146414e-11,1.436205043781058e-09,-1.7097679175237523e-11,-8.206885726558255e-10,8.548839414146414e-10,-3.0775820780704066e-10,1.196837517980498e-09,-2.0517214316395638e-10,-5.471257336076008e-10,-5.813210468552654e-10,1.367814334019002e-10,0.39424896240234375,0.3271562457084656,0.41666921973228455,0.33834272623062134,0.40233659744262695,0.2937285304069519,0.4980262219905853,0.3383388817310333,0.48026931285858154,0.32161951065063477,0.4167819917201996,0.3132236897945404,0.3901863992214203,0.2973271906375885,0.3681182563304901,0.2422180324792862,0.4532622694969177,0.32049572467803955,0.4488765001296997,0.3184598386287689,0.3576933443546295,0.265995591878891,0.32295069098472595,0.25810322165489197,3,D#,132.51201923076923,712,0.4485108961540546,0.018315393136184285,0.34829931972789113,319.23954648526075,-16.647547793006396,1a2937fa68bec24406e4f4be72215ba7_01M0RFPVT8N9F5BHQDGGGRMG21.mp3
01M0RFPVTTSMAV6XT49PFATG84,159.92,44100,1,7052472,0.18632227182388306,0.10490339249372482,0.5798883438110352,0.0,0.028281710809891107,0.025085324696571144,0.25390625,322459.15625,55.084747132702375,1707.01606562004,820.2180245409294,2285.2596974533144,762.0155710358281,3798.1021828210073,1974.2263332557748,0.0003391625068616122,0.01714109256863594,14.29237523655521,5.145434607873302,9.79565420713783,3.5198670761684365,13.159028303912306,3.7244452089675093,15.55550353537008,4.063659095036063,15.431054807448202,3.1772123694939722,18.34492954273269,3.977014908123277,52.363122797880415,5.201555470273816,-192.5638885498047,86.36983489990234,149.46566772460938,28.336650848388672,-11.982990264892578,35.16120529174805,48.47433853149414,24.609207153320312,8.735976219177246,16.499042510986328,6.919100284576416,13.241935729980469,10.909710884094238,10.185572624206543,8.729363441467285,9.795049667358398,1.5659098625183105,11.057433128356934,0.11074257642030716,7.626158237457275,4.355431079864502,7.782101154327393,5.901660442352295,7.2406182289123535,4.844783782958984,7.131052017211914,5.663440227508545,6.624963760375977,3.359114170074463,5.956404685974121,0.3824576437473297,6.288702964782715,4.584773063659668,5.756211757659912,4.150205135345459,6.25341272354126,1.4663764238357544,5.994054317474365,1.6239625215530396,5.7796196937561035,-0.005681089125573635,-0.006282955873757601,-0.0032664055470377207,-0.0016859720926731825,-0.0012811536435037851,-0.001213660230860114,-0.0011873584007844329,-0.0010541063966229558,-0.0010306932963430882,-0.0009468725766055286,-0.0005341308424249291,-0.00026306865038350224,-0.00022287634783424437,-2.540512286941521e-05,0.00010357415158068761,-5.903140117879957e-05,-0.00030101320589892566,-0.0005462215631268919,-0.0007238861871883273,-0.000643865845631808,0.644688606262207,0.2616110146045685,0.6626760959625244,0.2522612512111664,0.6928896903991699,0.24596112966537476,0.6932477355003357,0.2423873245716095,0.7256768941879272,0.2611030340194702,0.6915953755378723,0.2760123610496521,0.6102812886238098,0.23962193727493286,0.5561932921409607,0.21503520011901855,0.5676048994064331,0.21456050872802734,0.6081058382987976,0.23138761520385742,0.6212218999862671,0.23330950736999512,0.636682391166687,0.23784670233726501,4,E,109.95678191489361,285,0.5420305962760691,0.036746981273285725,4.35374149659864,158.29043083900225,-15.489958491378967,99a58b80858394ec39e6723ac8cad6af_01M0RFPVTTSMAV6XT49PFATG84.mp3
01M0RFPVVA13WC4CZK46J56CAR,481.73333333333335,44100,1,21244440,0.0755031406879425,0.0562424398958683,0.3739907741546631,0.0,0.03566207661423941,0.03883043880491921,0.50048828125,188313.59375,52.74881671463952,1680.6860602343522,1376.7857536801635,2245.967041920227,1209.4590776083467,3357.696016903423,3098.7537227780354,0.008468921296298504,0.09020531922578812,16.944640084188777,5.592560733208935,12.075317386136945,4.754991591109799,17.885880648922114,5.531350896471411,19.62432201784924,5.644970994884783,20.156157112100978,5.301536862399854,20.146219467762283,5.126910452919419,49.52016088666373,6.461838623274635,-291.2679748535156,116.55230712890625,147.32858276367188,46.791622161865234,6.840597629547119,43.95844650268555,26.675878524780273,21.866291046142578,10.902132034301758,18.601293563842773,14.974191665649414,13.919189453125,5.045405864715576,12.40984058380127,4.731539249420166,11.45842170715332,-4.465571880340576,10.957233428955078,0.9926658272743225,10.502667427062988,-2.86276912689209,9.490660667419434,0.595515251159668,9.219602584838867,-1.5773460865020752,8.133516311645508,0.8722794651985168,8.100563049316406,-1.306727647781372,9.108200073242188,0.27037313580513,7.91270112991333,1.6712431907653809,8.15005874633789,0.07830844074487686,8.28009033203125,-0.1817878633737564,9.23215103149414,-0.017332326620817184,10.210103988647461,-7.354696851535891e-10,1.1032045277303837e-09,1.4709393703071783e-09,1.8386742128839728e-10,3.447513940990632e-10,2.758011319325959e-10,-6.435359467538149e-10,-3.2176797337690743e-10,-2.413259869715745e-10,-2.298342766104966e-11,-2.298342627327088e-10,-1.8961326953004232e-10,-1.6662984880788656e-10,-5.228729671458154e-10,-1.0917127618581546e-10,-6.320442086371614e-11,4.2519340825997176e-10,-4.88397822184794e-10,8.61878485247658e-11,-2.6430940769373024e-10,0.44309118390083313,0.33093100786209106,0.3927895426750183,0.29191458225250244,0.45143216848373413,0.33699846267700195,0.4432348310947418,0.3020835518836975,0.46357446908950806,0.32197046279907227,0.4742557406425476,0.33131998777389526,0.4223755896091461,0.2640862762928009,0.43265628814697266,0.29388219118118286,0.45181119441986084,0.30657169222831726,0.4573880434036255,0.3159075081348419,0.41268500685691833,0.3010106086730957,0.42521265149116516,0.3094732463359833,5,F,109.95678191489361,877,0.5423953447436813,0.04613966875859796,0.3947392290249433,475.5330612244898,-20.453579492365467,97e7206b4c97cb7cfb14fd835065d258_01M0RFPVVA13WC4CZK46J56CAR.mp3
01M0RFPVW4WCC7HFNFHE8S2J14,217.49333333333334,44100,1,9591456,0.20058540999889374,0.07886020094156265,0.5076696276664734,0.0,0.04228118411044091,0.031511009335916496,0.341796875,445572.34375,56.4891822675833,2136.9024975065213,1297.494622940373,2766.4700950023034,1152.3732964554977,4738.825367959826,3115.830834531937,0.00952618382871151,0.09464654326438904,12.327979278097112,4.9154923175039,10.70495962444,4.637805543310249,14.194948891958292,4.489634863733636,16.82824197946661,4.482695102572369,17.930540178637635,4.145598639753022,17.493292158681108,3.1553781532566934,52.37175592369627,7.000806434378154,-163.19952392578125,98.31341552734375,166.73641967773438,45.09326171875,-8.341845512390137,35.77227020263672,45.106510162353516,32.587955474853516,-21.770166397094727,16.937759399414062,13.939653396606445,17.09217071533203,6.852993011474609,20.634811401367188,3.375885486602783,16.39981460571289,-6.265326023101807,13.209671974182129,1.4672648906707764,12.348567962646484,-2.067727565765381,10.373591423034668,4.494219779968262,9.0745210647583,-2.950072765350342,7.73101806640625,3.891568422317505,8.002092361450195,-0.485459566116333,6.568604946136475,3.689483880996704,6.273284435272217,5.284904956817627,7.357295036315918,2.1567459106445312,6.663813591003418,3.152117967605591,6.473001480102539,0.0538901723921299,5.9440178871154785,0.0028029370587319136,0.0017747704405337572,-0.0012332041515037417,-0.0013455830048769712,-0.0005841912352479994,-0.0007977107306942344,-0.0007970688166096807,-0.00042183263576589525,-0.0005040747346356511,-0.0006271207239478827,-0.00040849452489055693,-0.00020021744421683252,-4.7414829168701544e-05,8.163612801581621e-05,4.151671237195842e-05,-2.5912386263371445e-05,4.068168709636666e-05,0.00013334682444110513,0.0001609557803021744,0.00015420018462464213,0.518341600894928,0.2922680675983429,0.4137233793735504,0.2678086757659912,0.4506560266017914,0.2733643352985382,0.5056427717208862,0.2764914631843567,0.609625518321991,0.3264370262622833,0.6101805567741394,0.29759693145751953,0.5691663026809692,0.2638692557811737,0.5283146500587463,0.29108256101608276,0.41476085782051086,0.23736199736595154,0.34837186336517334,0.2518734335899353,0.4083384573459625,0.26497936248779297,0.5478773713111877,0.29783961176872253,5,F,126.04801829268293,426,0.47721104441776707,0.012736093837292569,0.06965986394557823,202.8843537414966,-14.329076551406876,96cddc30e77cce73824fbccc6981ecf4_01M0RFPVW4WCC7HFNFHE8S2J14.mp3
01M0RFPVWPN4GTHYGPW6JVN04A,242.39020408163265,44100,1,10689408,0.17463533580303192,0.07988714426755905,0.46569332480430603,1.4006013770995196e-05,0.03413901688529792,0.05851206203486016,0.63232421875,394224.3125,55.95743404466497,1979.623196888784,1439.7299893964098,2841.5040222476323,1056.6391782447965,4250.4509082527065,3227.3203642245776,0.00095056724967435,0.009118933230638504,17.579117100215868,5.285568486907473,10.99619188026239,3.7364217249797735,16.593472134130227,5.229647096373776,17.91769216097652,5.102700352203889,17.72532975145532,4.269910250805114,17.724177281632898,4.185252527367878,52.77763167728129,4.208808345574712,-198.27783203125,88.54042053222656,153.6820831298828,36.86893081665039,5.171990871429443,27.22034454345703,42.12721633911133,17.401948928833008,5.469711780548096,18.464916229248047,23.869340896606445,12.65512466430664,1.396389126777649,12.32232666015625,8.671764373779297,11.563044548034668,0.9060947895050049,11.712265014648438,9.293218612670898,9.614971160888672,-5.123984336853027,9.11633014678955,2.890192747116089,8.54434871673584,5.707659721374512,9.472257614135742,2.8141448497772217,8.966482162475586,1.3286993503570557,7.743697166442871,-1.55882728099823,7.506720542907715,0.19624203443527222,7.185983180999756,0.07804621011018753,8.155939102172852,2.719932794570923,8.678383827209473,1.0853115320205688,9.264252662658691,-2.923419728517729e-09,7.308549321294322e-10,1.8271373303235805e-10,2.375278418398352e-09,5.481411990970741e-10,6.394980656132532e-10,7.765333376319461e-10,5.02462738083409e-10,6.851764988713427e-11,-9.135686651617902e-11,1.3703529977426854e-10,-7.080157016225996e-10,-2.740705995485371e-10,5.253019685902416e-10,5.02462738083409e-10,-9.820863011711367e-10,-3.540078508112998e-10,7.536941626362648e-10,-3.197490328066266e-10,-9.135686651617902e-11,0.4316020905971527,0.32394999265670776,0.36462682485580444,0.28316015005111694,0.42530199885368347,0.28970634937286377,0.504433810710907,0.33048054575920105,0.4139949679374695,0.2621011734008789,0.4128017723560333,0.31716009974479675,0.3965161442756653,0.25880467891693115,0.4886851906776428,0.29922592639923096,0.5618816614151001,0.34669503569602966,0.5068307518959045,0.3021896779537201,0.4776236414909363,0.32248082756996155,0.4256524443626404,0.28957125544548035,8,G#,132.51201923076923,517,0.4589766035613212,0.020901708355546396,0.40634920634920635,237.23827664399093,-15.474754747567975,fe89968ceb9a27b7fcfdd7ecfa9dbd13_01M0RFPVWPN4GTHYGPW6JVN04A.mp3
01M0RFPVX85S698FK15G4BD67B,174.35614512471656,44100,1,7689106,0.07182334363460541,0.04801595211029053,0.22475074231624603,5.994609182380373e-06,0.05525800679809229,0.06359253809841257,0.3818359375,57393.26953125,47.58860965972514,2621.523398638895,1858.7676555318028,3319.2485445997104,1058.975668194126,5073.579965759838,4140.189499136292,0.0009424391319043934,0.0029681187588721514,10.044939848174309,4.340556412454422,15.107097689372495,5.401218673661521,18.346472407494396,5.673557683158887,21.244810275047616,6.005394556618102,18.8388076475789,5.105475565679734,17.15475836114628,4.611330066390044,53.953901426586285,3.440906431128039,-302.0664978027344,68.17567443847656,139.34698486328125,48.381553649902344,17.902774810791016,20.340316772460938,30.947877883911133,20.762470245361328,-16.688886642456055,11.762146949768066,13.060657501220703,12.784341812133789,-19.445396423339844,9.963821411132812,4.994150638580322,9.93410587310791,-12.827939987182617,8.102798461914062,-3.9125006198883057,9.202977180480957,-12.16860580444336,10.608281135559082,-12.829279899597168,9.950515747070312,-7.330655097961426,8.54489803314209,-3.482591152191162,7.698522567749023,-5.832996845245361,7.441658973693848,-3.0993168354034424,8.566702842712402,-2.537914752960205,8.422182083129883,-4.681933879852295,8.091803550720215,4.517513275146484,6.7110443115234375,1.2748664617538452,7.940514087677002,8.905938739189878e-05,5.9341429732739925e-05,9.60631005000323e-05,0.00010368112270953134,5.298677569953725e-05,0.00012043602328049019,6.161251803860068e-05,8.097830141196027e-05,0.00010230960469925776,4.3819327402161434e-05,0.00010510236461414024,5.9328158386051655e-05,6.150316767161712e-05,9.233853779733181e-05,3.355564331286587e-05,8.315699960803613e-05,5.287952080834657e-05,4.134239861741662e-05,7.586762512801215e-05,2.3806773242540658e-05,0.4710303246974945,0.36614638566970825,0.3915403187274933,0.32524681091308594,0.25851383805274963,0.28207382559776306,0.23416349291801453,0.3117762506008148,0.2736132740974426,0.2711104452610016,0.4564144015312195,0.41111475229263306,0.4120911657810211,0.28041085600852966,0.47508504986763,0.3558914065361023,0.3774429261684418,0.31268876791000366,0.2635793685913086,0.2459843009710312,0.3425058424472809,0.3447169065475464,0.32897040247917175,0.2598162889480591,7,G,120.18531976744185,326,0.5005864992150707,0.016158728839038027,6.327437641723356,169.01804988662133,-20.705756283619404,1ec5cce828b2ec2d2c42e37546af97c5_01M0RFPVX85S698FK15G4BD67B.mp3
01M0RFPVXNQE9WKJ0DC1JYWY0C,297.6533333333333,44100,1,13126512,0.2757798433303833,0.13933423161506653,0.7667977809906006,0.0,0.04446846554065255,0.03791668557087313,0.2548828125,1253181.625,60.98014018335736,2262.4900053878096,1194.4140094719824,2637.1989874472165,891.8607087173019,4850.439253150231,2590.4407196192583,0.007608900777995586,0.08651825040578842,13.377405017674933,4.9925533416468495,12.408686494896916,3.9111843189582576,15.62561513530657,5.390678772991705,15.9247385931128,5.27261002362119,15.455874133348685,3.650428125803338,16.931702176609978,4.333367238164521,54.78000715040319,6.853080494933332,-135.0741729736328,91.01444244384766,131.83949279785156,33.06132888793945,-21.927490234375,38.52958297729492,61.288551330566406,25.94106101989746,5.722602367401123,21.351024627685547,28.887325286865234,18.82622528076172,6.874081611633301,13.242084503173828,9.985271453857422,10.430039405822754,2.7424869537353516,7.470550537109375,2.2755370140075684,7.453319072723389,8.261310577392578,8.390499114990234,-4.2860236167907715,8.480626106262207,2.8019843101501465,8.387846946716309,-1.8391979932785034,10.102422714233398,3.0771889686584473,8.615900993347168,-1.507076621055603,7.689947128295898,0.38182657957077026,6.872932434082031,1.1670974493026733,7.736842632293701,0.5299568176269531,8.378832817077637,1.8334695100784302,7.748683929443359,-9.727701399242505e-05,-0.00010969449067488313,-4.716131297755055e-05,2.1589537482213927e-06,-1.3132271305948962e-06,-5.9786802012240514e-05,-0.00013598607620224357,-0.00017913960618898273,-0.00016001783660613,-8.991681534098461e-05,-1.0949920579150785e-05,3.400895366212353e-05,2.9302998882485554e-05,-7.052235105220461e-06,-4.1079416405409575e-05,-4.963160972693004e-05,-3.57605931640137e-05,-2.2162819732329808e-05,-2.954630872409325e-05,-5.7716395531315356e-05,0.6815452575683594,0.31139662861824036,0.596676230430603,0.2509782612323761,0.5709429979324341,0.2442626953125,0.5365096926689148,0.2760739326477051,0.4692126512527466,0.268681138753891,0.4594573378562927,0.24941368401050568,0.5268885493278503,0.25217437744140625,0.6088886857032776,0.33719953894615173,0.504597544670105,0.2881796956062317,0.5061289668083191,0.2730826437473297,0.5798015594482422,0.2896976172924042,0.6249451041221619,0.25954604148864746,0,C,90.66611842105263,424,0.6658857207185475,0.00660264192645663,11.052698412698414,292.722358276644,-11.426258715054795,ea39239114993f0302929d210e897c9f_01M0RFPVXNQE9WKJ0DC1JYWY0C.mp3
01M0RFPVY8ZNBRSF3M6KVT1TY2,134.89333333333335,44100,1,5948796,0.028345437720417976,0.01567554846405983,0.07406137883663177,0.0,0.0445156673605732,0.036629398990055906,0.34912109375,6241.5361328125,37.95291489025622,1935.5714464244006,1167.9062172191511,2215.809357119681,949.8696590642425,3906.8447121901627,2404.2428775672506,0.0293866153806448,0.16839581727981567,17.218067725200378,5.576125047891127,13.504554553752875,4.9250409188082775,20.755997528733864,6.0077633132816475,21.870005881893952,6.258687489261068,20.487781121861065,5.238840396640585,22.753319047390242,6.271668041963671,53.48434783757113,8.73450002790699,-388.8492126464844,107.25577545166016,149.60995483398438,43.987789154052734,-27.21613311767578,46.43682098388672,47.88387680053711,24.28343963623047,9.17844295501709,22.116107940673828,14.62060832977295,15.558445930480957,0.3834337890148163,13.098092079162598,-1.5180397033691406,10.680968284606934,3.2473952770233154,12.025025367736816,-6.540468692779541,10.758312225341797,-1.753154993057251,8.859301567077637,6.093659400939941,9.16511344909668,-4.665554523468018,8.396843910217285,2.7766852378845215,9.565814018249512,-1.7697968482971191,9.976195335388184,-3.717590093612671,10.208008766174316,4.179736137390137,12.610023498535156,-3.6241302490234375,10.936582565307617,2.0723581314086914,11.936843872070312,4.256776332855225,13.880361557006836,-2.6265236652278645e-09,5.253047330455729e-09,3.2831545815348306e-10,1.969892693409747e-09,-4.924731733524368e-10,-8.207886453837077e-11,0.0,1.3132618326139323e-09,-1.231182933381092e-09,1.0670252459377139e-09,-4.103943226918538e-11,-9.028675029831845e-10,8.207886453837077e-11,9.028675029831845e-10,1.0670252459377139e-09,8.207886453837077e-11,4.103943226918538e-11,2.8727603629263854e-10,9.849463467048736e-10,-8.207886592614955e-10,0.37988781929016113,0.36688685417175293,0.2907177209854126,0.26492664217948914,0.2893266975879669,0.3004825711250305,0.31132030487060547,0.30595970153808594,0.321289986371994,0.3206145465373993,0.31675198674201965,0.3166436553001404,0.3657550513744354,0.32326197624206543,0.3734714090824127,0.3216104209423065,0.35525962710380554,0.3202495276927948,0.32111960649490356,0.31250742077827454,0.27741146087646484,0.2798998951911926,0.33605775237083435,0.32192012667655945,0,C,172.265625,370,0.34663176200923007,0.02649266651795803,0.3831292517006803,128.29024943310657,-29.433621470312737,61b663c9b13898ba8ad5bcf34e5a7ec6_01M0RFPVY8ZNBRSF3M6KVT1TY2.mp3
01M0RFPVZ0G44ST7R8JY1PQDT3,443.7942857142857,44100,1,19571328,0.11442296206951141,0.06773389875888824,0.40367645025253296,1.5106699720490724e-05,0.06317183698595197,0.054858971504961634,0.623046875,346037.65625,55.39123361832446,2760.1565341301603,1568.2695475051357,3102.782038342931,1095.0456999583782,5650.51506735844,3401.1867876775823,0.0003859246789943427,0.002889940980821848,17.483997522897713,5.4894057658525,10.635092310053102,4.0878568041015555,15.831662428006819,5.35491603341909,19.193736413540794,5.560210018966108,20.202609343518198,5.65571269323871,20.306032769982586,5.612627310638295,54.322313615526355,4.346889663620422,-206.20339965820312,95.05902862548828,132.92007446289062,44.75086212158203,-15.793095588684082,33.18217086791992,31.888288497924805,25.802173614501953,-1.9451546669006348,20.129430770874023,18.372228622436523,13.344905853271484,-2.144252061843872,13.899626731872559,10.40275764465332,13.598113059997559,2.314586877822876,14.113509178161621,8.827754974365234,12.401269912719727,-1.2544312477111816,10.821151733398438,5.587745189666748,9.433648109436035,3.5888829231262207,10.469121932983398,6.354701519012451,10.309896469116211,6.439303398132324,10.808394432067871,3.5136590003967285,11.39815616607666,1.0138205289840698,10.398496627807617,2.214557409286499,9.311731338500977,2.693793535232544,8.868339538574219,-1.2041332721710205,8.235721588134766,-1.1935274812913121e-07,-1.7284193631894595e-07,-1.7004771279971465e-07,-1.6445929418296146e-07,-1.570496408476174e-07,-1.4856722430067748e-07,-1.3526977227229509e-07,-1.2446714947600412e-07,-1.11444123263027e-07,-9.415494162112736e-08,-7.763915732539317e-08,-6.144770026139668e-08,-4.2798834698487553e-08,-2.277781163684267e-08,-3.817092419922119e-09,1.409579830635721e-08,3.285693139787327e-08,5.2541153650054184e-08,7.03043525618341e-08,8.744384416559114e-08,0.542364239692688,0.34701186418533325,0.42518502473831177,0.2729759216308594,0.4913260042667389,0.2998177111148834,0.47520455718040466,0.3049181401729584,0.43462780117988586,0.2728392779827118,0.455761194229126,0.302480548620224,0.4196888506412506,0.24231258034706116,0.5580018162727356,0.3086327016353607,0.4613077938556671,0.2912055552005768,0.49951037764549255,0.31449711322784424,0.5101554989814758,0.30352288484573364,0.45306462049484253,0.266650527715683,7,G,129.19921875,945,0.46666205465236943,0.02984986612545046,0.3831292517006803,440.9121088435374,-17.827170154475862,def1682280c4ea113494be711008efdf_01M0RFPVZ0G44ST7R8JY1PQDT3.mp3
01M0RFPVZTW8NW05DYV61GQ7EC,307.36,44100,1,13554576,0.08824891597032547,0.061436351388692856,0.3753851056098938,0.0,0.05681486361028745,0.043224457762471274,0.5556640625,156723.4375,51.95133948707132,2743.7502853948927,1554.3757017950884,3271.1806651717447,1257.2585027821717,5826.471247438524,3727.0545052184084,0.003474871627986431,0.05145694315433502,14.619431741541561,5.445322457754302,11.384059630105932,4.9650355462995766,17.198883894654013,5.366385084896409,19.54582456899892,5.962321063668377,19.3643988266703,4.894826317493525,19.20599049069346,4.664935069651984,52.83295033431069,5.124050869077465,-241.31483459472656,135.9718017578125,123.27271270751953,45.39334487915039,-8.762139320373535,31.37255859375,26.817424774169922,25.656606674194336,-3.144740581512451,16.215896606445312,13.112126350402832,14.920158386230469,-4.581686973571777,13.333050727844238,8.0564546585083,14.311117172241211,-8.267581939697266,11.442717552185059,3.0366432666778564,12.8112211227417,-6.039004802703857,11.12247085571289,3.030308723449707,11.740985870361328,-3.7545742988586426,9.826835632324219,2.6787071228027344,10.841134071350098,-2.3433234691619873,9.56455135345459,2.2247958183288574,9.66618824005127,4.778049945831299,10.536734580993652,3.6194498538970947,8.986113548278809,2.12298583984375,9.73027229309082,2.2599353790283203,10.327881813049316,-0.0008679630700498819,-0.0011983573203906417,-0.00111826800275594,-0.0010062853107228875,-0.0008862933609634638,-0.000778948946390301,-0.0006960368482396007,-0.0006391135393641889,-0.0006021331064403057,-0.0005760201602242887,-0.0005527722532860935,-0.0005275409203022718,-0.000498588546179235,-0.0004660391714423895,-0.0004306437913328409,-0.0003931954561267048,-0.00035461518564261496,-0.0003162217908538878,-0.0002797752385959029,-0.000247162242885679,0.4413182735443115,0.3489331901073456,0.3920038938522339,0.32080554962158203,0.37471523880958557,0.31623032689094543,0.3838117718696594,0.3158777356147766,0.4140377342700958,0.33044669032096863,0.4101189076900482,0.3209875822067261,0.3836532533168793,0.3050941824913025,0.38035303354263306,0.3039413392543793,0.37613311409950256,0.29570290446281433,0.38718271255493164,0.3152971565723419,0.40014681220054626,0.31918269395828247,0.4146380126476288,0.3206375539302826,0,C,178.20581896551724,897,0.3395788791707159,0.02312744410431533,0.3599092970521542,304.6225850340136,-19.262241221282988,2c73fd2ea868123aeaa27f657146bf51_01M0RFPVZTW8NW05DYV61GQ7EC.mp3
01M0RHT5QBG7MD9CBDYF68TKPY,688.4,44100,1,30358440,0.07566338032484055,0.06820859014987946,0.5801240801811218,0.0,0.04980228290383513,0.04687746949098287,0.4521484375,315041.15625,54.98367292725205,2563.036231221914,1528.0633353654232,3131.929131519249,1260.0833037588388,5741.969846166455,3557.3269198377197,0.006017019506543875,0.07516772300004959,16.24874780854806,5.307499294778435,11.802172461970807,5.454597193488516,17.534068606312957,5.792099198624474,18.889703712852505,5.837255321994336,18.745466157684486,4.849196803446229,18.56478302202598,4.640425222380956,53.543296196893294,7.351669821914562,-264.732421875,101.40387725830078,101.01190185546875,36.60352325439453,7.579892158508301,36.27768325805664,40.98997497558594,22.935461044311523,4.6718292236328125,14.201314926147461,16.94287109375,16.391685485839844,1.4213967323303223,12.539005279541016,7.164486408233643,13.645807266235352,-1.7619256973266602,10.178640365600586,0.5077492594718933,10.786887168884277,-1.7708501815795898,8.84487533569336,2.339921474456787,8.02812671661377,0.4613683521747589,7.88620138168335,3.2044620513916016,7.8434271812438965,0.22241631150245667,9.077392578125,1.2415492534637451,9.132514953613281,4.574519634246826,9.036728858947754,0.41536471247673035,9.143874168395996,3.007492780685425,9.792259216308594,0.8449245095252991,9.871770858764648,-3.088094446823675e-09,2.573412039019729e-10,-6.433530097549323e-11,7.720236117059187e-10,3.940537063318317e-10,1.6083824549983916e-10,3.5384414842631884e-10,-2.2517354647533239e-10,1.7692207421315942e-10,-6.433530097549323e-11,3.6188604890519116e-10,3.940537063318317e-10,8.041912621936653e-12,7.237721533215336e-11,-1.9300590292647968e-10,-9.248199428490977e-11,-2.573412039019729e-10,5.6293386618833097e-11,6.433530097549323e-11,-6.433530097549323e-11,0.4677083194255829,0.33421599864959717,0.461856871843338,0.31412047147750854,0.5101250410079956,0.3204836845397949,0.5186159610748291,0.31592872738838196,0.5260469317436218,0.3282841742038727,0.5313248038291931,0.3323681652545929,0.5069355368614197,0.3026570975780487,0.49085763096809387,0.29688793420791626,0.4861122667789459,0.29165419936180115,0.4861331582069397,0.2991347908973694,0.4695945084095001,0.3031463921070099,0.4603446424007416,0.3132532835006714,5,F,135.99917763157896,1522,0.44313321734567157,0.027011177439830288,8.719092970521542,682.724716553288,-20.839852927953125,1f288a3aa7005c402657c930677e9cc0_01M0RHT5QBG7MD9CBDYF68TKPY.mp3
3C6F3F3C4839423DB83F7A55CD,220.73333333333332,44100,1,9734340,0.11068856716156006,0.06597252935171127,0.4176781475543976,1.591522232047282e-05,0.04071355988336928,0.041126337726500935,0.4951171875,161637.5,52.08542124716657,2300.99458235645,1288.8176529040143,3309.8256616634,810.5904190981022,4589.414970082148,2946.4969659117173,0.00382318627089262,0.011880322359502316,15.065570217267242,5.054373262519987,12.405484996576414,4.852376384758293,18.239763100014198,4.94037193981188,19.431872718102696,4.707370349466283,19.678763845180093,4.133892060946931,19.17549701158876,3.9865428736948663,26.774482895505802,5.204456476895493,-232.24977111816406,102.8877944946289,145.9526824951172,40.48564529418945,1.1938691139221191,20.119749069213867,33.471736907958984,23.555706024169922,-3.5042898654937744,19.14259147644043,14.494084358215332,13.014999389648438,-0.4583449065685272,12.248538970947266,3.5127248764038086,11.368549346923828,-5.0412983894348145,9.027142524719238,-4.356612205505371,9.512223243713379,-3.0640594959259033,9.978971481323242,-0.3274793326854706,9.847652435302734,-2.8436102867126465,9.812525749206543,-0.2901950478553772,9.43380355834961,-4.037184715270996,9.432071685791016,-4.186152458190918,9.171419143676758,1.33219575881958,8.661223411560059,-4.2227277755737305,8.27855110168457,-5.2966156005859375,7.90635347366333,0.041485391557216644,7.976049900054932,-1.60509006086329e-09,-1.60509006086329e-09,-8.02545030431645e-10,2.0063625760791126e-10,-8.527041295280924e-10,-2.0063625760791126e-10,-2.382555708280165e-09,5.517497014828621e-10,-1.6552491599597374e-09,6.019088005793094e-10,2.0063625760791126e-10,-7.523860007241367e-11,-3.134941473081909e-10,-1.5047720014482735e-10,3.009544002896547e-10,-3.2603392208230275e-10,6.269883223719575e-11,-6.269882946163818e-10,3.511134716305264e-10,1.0031812880395563e-10,0.38914406299591064,0.33623790740966797,0.3178611099720001,0.2546863853931427,0.3815736770629883,0.31019720435142517,0.4259720742702484,0.32435160875320435,0.37405574321746826,0.2910867929458618,0.35272499918937683,0.30946114659309387,0.3743375837802887,0.275835245847702,0.49823856353759766,0.3459049165248871,0.4468768537044525,0.32016560435295105,0.3524327874183655,0.29015880823135376,0.34000644087791443,0.30044692754745483,0.33911269903182983,0.29719528555870056,7,G,89.10290948275862,313,0.6735275306703878,0.031177435129889877,1.1029478458049886,211.243537414966,-17.860907735869386,28 (They Long To Be) Close To You.m4a
A7E56197254D451CB98808C9BD,243.86666666666667,44100,1,10754520,0.12373121082782745,0.07999320328235626,0.5792985558509827,1.582926961418707e-05,0.04730523610449893,0.0386742695181548,0.50537109375,233463.53125,53.68219050153337,1972.9442514852956,1019.2714330523268,2667.0250089630254,735.7315995179875,3617.801606946263,2195.563229675858,0.0018798155942931771,0.011199221946299076,18.62325854208461,5.908820831154514,11.82157031682122,4.404318792073082,17.504821225811295,4.463875611907375,20.761360350926225,5.013056568550231,19.65657039010181,4.171715640378797,21.12924562839591,3.835326055168989,28.794733283427863,6.174426711659724,-196.07757568359375,91.55335235595703,160.41656494140625,29.96415901184082,-15.873600006103516,27.346437454223633,18.36101722717285,22.029340744018555,2.94173526763916,15.051725387573242,6.166540145874023,10.980284690856934,-2.488041639328003,8.769598960876465,2.81329345703125,9.732059478759766,-0.7335697412490845,8.867952346801758,-4.345815181732178,9.617121696472168,-0.45407184958457947,9.416022300720215,-1.497835636138916,8.197770118713379,-2.1044652462005615,7.899408340454102,-1.8875563144683838,8.21259880065918,-0.8998028635978699,8.649900436401367,-2.0937187671661377,9.05148696899414,1.630265474319458,7.9982099533081055,-1.5978364944458008,8.952165603637695,-3.7225987911224365,9.095390319824219,1.3866769075393677,8.366232872009277,1.4528720448936383e-09,1.4528720448936383e-09,-3.632180112234096e-10,1.816090056117048e-10,-4.086202765041236e-10,8.172405530082472e-10,7.718383154831088e-10,1.816090056117048e-10,-3.632180112234096e-10,-2.2701125701463098e-10,2.043101382520618e-10,-5.561776039719746e-10,2.2701125701463098e-10,2.49712389654988e-10,1.1350562850731549e-10,2.2701125701463098e-10,9.08045028058524e-11,1.0442517961450903e-09,1.4074698073685e-09,9.98849558619952e-10,0.380295991897583,0.3404187858104706,0.26582542061805725,0.22836166620254517,0.33106234669685364,0.31967535614967346,0.28778889775276184,0.26620247960090637,0.35520482063293457,0.2952392101287842,0.4032961428165436,0.3439839780330658,0.3221161663532257,0.265017569065094,0.3732876479625702,0.33419138193130493,0.27423569560050964,0.2331119179725647,0.357002854347229,0.31317949295043945,0.3834380507469177,0.33011385798454285,0.3222857415676117,0.2600123882293701,5,F,135.99917763157896,477,0.4463499685588521,0.02514945828713272,6.582857142857143,219.04544217687075,-16.268696951217148,15 I Just Fall In Love Again.m4a
8DDE7F1A99A0441C9A1564A6D7,239.2758276643991,44100,1,10552064,0.10773420333862305,0.060022905468940735,0.4974919855594635,1.51691183418734e-05,0.04938748066775837,0.05560210654533145,0.64453125,160494.5625,52.05460323244019,2472.760208208194,1433.764190679549,3224.7070559210133,929.1173571356534,5214.1037160548585,3060.244231357227,0.004168166778981686,0.015921669080853462,21.57355427742472,5.936922781339101,11.525971104871248,4.098913462168352,17.203449122505262,4.387016896169796,19.689184477747542,4.288899700432336,18.91902956187409,3.629340418304413,18.68279063372688,3.1573640333698587,33.88562269493011,5.755699814685613,-207.64866638183594,91.67496490478516,143.36978149414062,37.11452865600586,-9.42697811126709,20.854270935058594,42.54765701293945,19.431432723999023,-0.5730072259902954,17.729469299316406,15.418540954589844,12.780220031738281,-2.610961437225342,10.988268852233887,1.7391324043273926,10.395332336425781,4.018022537231445,9.436188697814941,-2.4949162006378174,9.4285888671875,-1.2686734199523926,8.252037048339844,-0.2272864580154419,8.71281623840332,-3.132859945297241,8.749382972717285,-3.8793020248413086,7.745794296264648,-1.9094843864440918,8.164359092712402,-3.9785890579223633,7.748107433319092,-0.4213826358318329,7.472842693328857,-1.110885739326477,7.338223934173584,-4.319752216339111,7.042102336883545,-1.397151231765747,6.334220886230469,0.0,-7.403584967313748e-10,-8.329033573950539e-10,1.4807169934627495e-09,-1.8508963250951638e-09,-1.850896241828437e-10,1.4344446741532124e-09,-3.470430540164493e-11,-7.866309270632144e-10,9.254481625475819e-10,1.0179929121889586e-09,2.3136204063689547e-10,-3.239068457894234e-10,5.552688864263189e-10,2.3136204063689547e-10,4.6272408127379094e-10,7.172223370766062e-10,-2.7763444321315944e-10,-1.619534228947117e-10,-1.1568102031844774e-10,0.4129095673561096,0.26953238248825073,0.4362666606903076,0.33715149760246277,0.35323017835617065,0.2363387942314148,0.4484814703464508,0.29308849573135376,0.46957722306251526,0.31033939123153687,0.3802777826786041,0.26902589201927185,0.41192126274108887,0.3134346008300781,0.4157928228378296,0.24885980784893036,0.5435775518417358,0.32275766134262085,0.39729660749435425,0.25540706515312195,0.38261058926582336,0.26085737347602844,0.4623767137527466,0.3122636675834656,8,G#,166.70866935483872,629,0.36168407065586317,0.015290801599175584,0.47600907029478456,227.61360544217686,-18.61799587200653,01 Yesterday Once More.m4a
8384A4DBF2B24CF98148BC9190,217.96366666666665,48000,1,10462256,0.09641610831022263,0.032974012196063995,0.1612354815006256,0.0,0.06572710060099095,0.04224287836737983,0.54052734375,108638.390625,50.359833233221146,3906.1349387956343,1319.6677389221336,4235.2417886801895,882.3969762266486,8286.198235258136,2798.042616083805,0.015571254305541515,0.0985410213470459,15.949019633061496,6.509570458335793,9.961461123331322,3.791837948092793,12.63533770329454,3.8975053931350083,16.029751586750667,4.299204126737527,17.515019951662477,4.093433932969326,16.017518127778686,2.838870167394461,41.83287190981768,23.98346261292708,-175.8126678466797,92.5989761352539,111.23798370361328,30.766767501831055,-26.191904067993164,23.623220443725586,51.31647872924805,18.35153579711914,-3.241061210632324,13.888248443603516,25.815698623657227,13.37176513671875,-7.868750095367432,11.075519561767578,20.026887893676758,10.214136123657227,-4.0044379234313965,9.234285354614258,11.988120079040527,9.290264129638672,0.8685057163238525,7.8525519371032715,5.041075229644775,8.638561248779297,-2.1777169704437256,7.669041633605957,3.986971616744995,8.538935661315918,-2.3604657649993896,7.569401741027832,2.8103551864624023,7.400337219238281,-1.7808867692947388,6.559016704559326,4.012944221496582,6.87698221206665,-0.1746402233839035,6.015318393707275,1.1884255409240723,6.773281097412109,-0.017916247248649597,-0.006080449093133211,0.0013576204655691981,-0.0012648510746657848,0.0018233655719086528,0.0004057068144902587,0.0013735783286392689,-0.00039002110133878887,0.0008818886708468199,-0.00022629409795626998,-0.0004323486937209964,0.00047517975326627493,0.0010406889487057924,0.0007638366660103202,-0.00040678464574739337,-0.00016726502508390695,-0.0001038160698954016,-0.00012243993114680052,0.0002588459465187043,-0.00011365287355147302,0.5140950083732605,0.262913316488266,0.5436559319496155,0.2974355220794678,0.5389779806137085,0.2958540916442871,0.5258517861366272,0.26491349935531616,0.5698550939559937,0.2755065858364105,0.5685513615608215,0.2737540006637573,0.5641986131668091,0.30061954259872437,0.5322243571281433,0.28328317403793335,0.5448342561721802,0.2654593586921692,0.5905413031578064,0.2854261100292206,0.5715072154998779,0.29243120551109314,0.5273716449737549,0.26577597856521606,9,A,117.1875,342,0.5130948191593353,0.021577547431355704,0.6613333333333333,175.62666666666667,-20.22555062696304,椎名林檎 - The Creamy Season.flac
CDF8316BBDD2488A877E675E8F,261.25466666666665,48000,1,12540224,0.11213771998882294,0.043943293392658234,0.2937261164188385,0.0,0.04416635779865676,0.031638248294668624,0.294921875,181909.8125,52.598561262194224,2540.067079373495,1043.4063587021817,3387.408416801154,822.9785037178425,5290.797689646021,2319.272705521334,0.007086204364895821,0.07457561045885086,14.778472800422868,6.132303096942556,10.8616194255621,3.6398679598261205,14.537193252053148,4.033851977015955,16.67258292259807,4.038005843445191,18.628612106573687,4.030231454957627,17.335671603296955,3.402718299957195,52.2787383291897,19.71554300041827,-177.67198181152344,71.2933120727539,154.33938598632812,32.41377639770508,-19.27391242980957,18.115827560424805,35.79784393310547,17.459035873413086,-6.144443035125732,14.468609809875488,22.887998580932617,12.389877319335938,-4.090269565582275,10.397832870483398,6.2070794105529785,8.952561378479004,1.539146900177002,8.057259559631348,0.3196055293083191,8.719313621520996,-3.396010160446167,8.507707595825195,5.518134593963623,7.799391746520996,0.7936334609985352,7.623948574066162,0.4539291262626648,7.39710807800293,3.492769241333008,7.101438522338867,1.12308669090271,7.1945295333862305,-1.3848849534988403,6.8169097900390625,-1.2595205307006836,6.41949987411499,-1.923980951309204,6.046963214874268,-2.200928211212158,6.169239521026611,-0.012613849714398384,-0.003929289057850838,0.00242867274209857,-0.0005110284546390176,0.0013409157982096076,1.3965704056317918e-05,0.000561063876375556,0.0002885694266296923,0.00032670912332832813,-0.00028511235723271966,0.00011759968765545636,2.2478025130112655e-05,-0.00014968516188673675,-0.0001422369823558256,-2.151662192773074e-05,0.00010656947415554896,0.0002100958809023723,0.00011900602112291381,0.0002979817509185523,0.0003437725536059588,0.45008108019828796,0.2570899724960327,0.5050687789916992,0.33310258388519287,0.3839646279811859,0.24145860970020294,0.4133595824241638,0.310669481754303,0.3654146194458008,0.2724776864051819,0.4028683006763458,0.24913135170936584,0.5129467248916626,0.334921658039093,0.3647185266017914,0.23824675381183624,0.3818030059337616,0.29015931487083435,0.35856133699417114,0.24858754873275757,0.47694239020347595,0.3117343485355377,0.5059913992881775,0.32772108912467957,6,F#,110.29411764705883,472,0.5408067940552016,0.04814833366296464,0.4693333333333333,255.18933333333334,-19.288846959229332,五月天 - 因为你 所以我.flac
BEF3CF9662D841528BDB33BFAF,263.04133333333334,48000,1,12625984,0.07052920758724213,0.017253179103136063,0.11636964976787567,0.0,0.07450281678941446,0.04525822861494953,0.78076171875,66567.0390625,48.23259239730457,3220.019602313832,1036.6695239514531,3584.9161730670185,677.4044826122482,6005.4257608166745,1806.7529189463212,0.012110474519431591,0.09725499898195267,14.272300562455884,5.965808328895,10.001136647301568,3.505585687744988,13.243331662317546,3.913010664104379,15.381582109059895,3.854917952142578,17.51858526493801,3.740236316379725,17.826032604792577,2.9844622605738,55.14999539319928,19.50726865980841,-179.511474609375,84.07940673828125,136.61428833007812,25.64202880859375,-54.906558990478516,18.74099349975586,32.56460189819336,12.935734748840332,-0.5287381410598755,11.612120628356934,26.781068801879883,10.334424018859863,-8.018582344055176,8.694853782653809,19.719707489013672,8.127673149108887,-6.719388484954834,7.429675102233887,12.000503540039062,8.31405258178711,2.51076602935791,7.758791923522949,10.933698654174805,7.478750228881836,-7.579362392425537,6.609341144561768,6.633242607116699,6.340235233306885,-3.5590970516204834,6.621068000793457,5.704180717468262,6.735153675079346,-2.706786632537842,6.604321002960205,4.606254577636719,6.573498725891113,-1.805833339691162,6.269699573516846,3.263800859451294,6.857344150543213,-0.006870586425065994,0.0032153998035937548,0.0033167735673487186,-0.002337914891541004,0.0012571725528687239,-0.00012836820678785443,0.0006648865528404713,-0.0006735068163834512,-3.9931026549311355e-05,-0.0001241918362211436,-0.0001335632405243814,0.00013166780991014093,-0.00010933360317721963,-4.629808245226741e-05,-1.0256590940116439e-05,9.809287439566106e-05,-8.415629417868331e-05,0.00020076450891792774,5.495392997545423e-06,0.00018695215112529695,0.44344139099121094,0.2212861180305481,0.4917353391647339,0.2931000888347626,0.41534507274627686,0.227853924036026,0.48150426149368286,0.25468912720680237,0.5168601274490356,0.28715980052948,0.39235812425613403,0.22305962443351746,0.44902509450912476,0.28193777799606323,0.42215269804000854,0.21475182473659515,0.575506865978241,0.3105442225933075,0.47785091400146484,0.2550341784954071,0.479862242937088,0.2515051066875458,0.5604826807975769,0.287520170211792,8,G#,95.33898305084746,421,0.6233142857142858,0.03270033343102791,0.4053333333333333,262.19733333333335,-22.318079311174063,AKB48 - ヘビーローテーション.flac
6835D62222154FA6B0509AA881,200.854,48000,1,9640992,0.07680171728134155,0.04145357757806778,0.36409661173820496,0.0,0.035786184931097656,0.04033203919007346,0.5263671875,73438.4375,48.659234281013184,2062.88773785942,1231.7067290204247,3219.410608796169,1158.3114918922533,3713.0185100366416,2770.935158111615,0.012948969379067421,0.10095779597759247,13.05381924968286,6.033711038887467,10.86725859940943,3.9364633521176295,15.35174628047403,4.993813187674752,18.11192418964174,5.147671240418925,20.63558582794132,4.940378810084305,18.985921131840524,4.921678313312815,32.60428190281941,21.054438394484354,-256.9012756347656,77.91426086425781,166.71339416503906,39.54609298706055,-2.259101629257202,18.942773818969727,7.013952255249023,19.81449317932129,7.696957588195801,16.116641998291016,6.376498699188232,13.96709156036377,-0.2882970869541168,12.786008834838867,8.807578086853027,10.298111915588379,1.2155108451843262,8.806957244873047,0.011110077612102032,9.755908012390137,0.17011095583438873,8.046280860900879,-2.255359649658203,7.634867191314697,-2.9034321308135986,7.535740375518799,-1.0310205221176147,6.833890438079834,-3.4754178524017334,7.263291835784912,-3.286527156829834,6.9633331298828125,-1.8622751235961914,7.334969997406006,-1.6583983898162842,7.75813627243042,-1.8876227140426636,7.796929359436035,-0.810496985912323,7.450555801391602,-0.011087573133409023,-0.008734820410609245,-0.0001815272989915684,0.001794701674953103,0.0014316107844933867,0.0010363999754190445,0.0005275200819596648,3.104974439338548e-06,6.396594108082354e-05,0.00032682475284673274,0.0003280124219600111,-1.554710433993023e-05,-0.0002478329697623849,-0.00034782697912305593,-0.00035312349791638553,-5.501512350747362e-05,0.0003689621516969055,0.0004677986435126513,0.00030481989961117506,0.00017444175318814814,0.40273424983024597,0.3191893994808197,0.3845440447330475,0.29115521907806396,0.43112504482269287,0.3322126269340515,0.3677278757095337,0.2604162395000458,0.44105175137519836,0.3277536630630493,0.4249565303325653,0.33115342259407043,0.38779938220977783,0.2665996551513672,0.46220162510871887,0.34703683853149414,0.38410165905952454,0.25884953141212463,0.426495760679245,0.32292428612709045,0.347578763961792,0.2712339758872986,0.3603392541408539,0.29274919629096985,7,G,104.16666666666667,340,0.5722556538839725,0.035548760673724235,0.24533333333333332,194.24,-21.447554506078227,大贯妙子 - 若き日の望楼.flac
1EDDB5EFB16E4A36AFFFAC2132,210.33433333333332,48000,1,10096048,0.09507189691066742,0.0408174954354763,0.24898329377174377,0.0,0.05116879956355545,0.03377557072742811,0.40771484375,108076.5078125,50.33731303239514,2985.8777961465507,1161.952164095083,3740.2428293103076,828.6201392166936,6452.619855849688,2537.970189140896,0.013052765280008316,0.1031775251030922,17.481187527018346,6.343854597179726,9.853493925813225,3.739846548873789,13.646477839742534,4.227145890185165,16.76514596584163,4.429909935776715,18.158952610082206,4.358394099616695,17.3760733269417,3.47220870497299,52.061807106804224,19.591780160769108,-188.2050323486328,94.1236801147461,139.3581085205078,32.402061462402344,-20.923707962036133,20.747114181518555,37.140525817871094,18.411489486694336,-8.505386352539062,14.241477012634277,21.09346580505371,12.05554485321045,-8.649900436401367,10.734749794006348,12.79955768585205,9.590897560119629,1.2845923900604248,8.135713577270508,3.861905813217163,8.894659042358398,1.2802400588989258,8.033546447753906,6.999785900115967,7.387526512145996,0.6527060270309448,6.945208549499512,3.030092716217041,6.8529205322265625,0.5623790621757507,7.125618934631348,1.9200849533081055,7.485082626342773,0.39264336228370667,6.813997268676758,1.730899453163147,6.696034908294678,1.424985647201538,6.563760757446289,-0.3804917335510254,6.418022155761719,-0.011670558713376522,-0.00885749701410532,0.0008713798597455025,0.0003309024905320257,-0.0017544860020279884,-1.1649732414298342e-06,0.000519312103278935,-4.793210973730311e-05,0.0006305660353973508,0.0005370939034037292,-0.00032685071346350014,9.351913467980921e-05,0.0005779384518973529,4.269771125109401e-06,3.3447180612711236e-05,0.0006264823605306447,0.0003855782561004162,0.000200476439204067,0.0005781229701824486,0.00040052799158729613,0.47095412015914917,0.2876186668872833,0.4367935061454773,0.2741699516773224,0.46215227246284485,0.27547070384025574,0.4739263355731964,0.2858940064907074,0.4384218752384186,0.26192429661750793,0.46210139989852905,0.27648308873176575,0.48735347390174866,0.2655373215675354,0.571591854095459,0.303152471780777,0.5321093201637268,0.27924633026123047,0.4975305497646332,0.2698410749435425,0.5437310934066772,0.31215834617614746,0.4877636134624481,0.26462551951408386,7,G,137.1951219512195,469,0.4356011396011396,0.029467326677717627,0.512,204.37333333333333,-20.137634992057514,La La Land - Another Day of Sun.flac
146D04DCF3BB4D56B68F9DD25C,192.10666666666665,48000,1,9221120,0.12335915863513947,0.047832269221544266,0.27636125683784485,0.0007806999492458999,0.02229355931791683,0.010764597549598702,0.15185546875,161430.9375,52.07986768911325,1610.0040123168903,672.0499146758997,2845.891185620556,974.385506801305,2942.0015893065347,1819.7209425235162,0.000753699685446918,0.001947675715200603,17.687935485417498,7.481547954251149,10.857282364248173,3.7356048776802835,15.737539799355057,4.177516167365439,18.24146939297388,4.68062992331085,18.95927435009014,4.472943606096976,19.07155644678987,4.950820875321292,43.04354534473469,23.391519947029707,-229.0354461669922,69.63260650634766,181.5554656982422,24.077594757080078,7.77732515335083,23.47978401184082,34.459110260009766,17.27466583251953,4.50765323638916,12.280253410339355,15.385156631469727,14.505433082580566,-5.027451038360596,12.307360649108887,1.371061086654663,8.527936935424805,3.2812061309814453,9.55882453918457,-5.768583297729492,9.682268142700195,-1.670011281967163,8.70810317993164,-5.363142967224121,7.750574111938477,-5.005914211273193,8.00321102142334,-7.6617631912231445,7.7335286140441895,0.16230502724647522,8.196538925170898,-0.8928534388542175,6.908320426940918,-5.70598840713501,8.321782112121582,-4.135697841644287,7.004047393798828,-0.15965543687343597,7.5736846923828125,0.07240535318851471,6.980585098266602,0.007056202739477158,0.002025520894676447,-4.51477499154862e-05,0.0007542679086327553,0.0008549836929887533,0.00038348647649399936,-0.00041274449904449284,0.0009000598220154643,-0.00011875482596224174,-0.000352949311491102,0.0006407952168956399,0.00048339093336835504,0.000479206966701895,-0.00014778006880078465,-0.00011142872244818136,-4.771283784066327e-06,0.00030083375168032944,0.0011631421511992812,0.0005771021824330091,-1.2313761544646695e-05,0.36007508635520935,0.2493032068014145,0.45885810256004333,0.3244730234146118,0.48185598850250244,0.314275860786438,0.4947182238101959,0.2979528307914734,0.4721655547618866,0.3221043348312378,0.40369459986686707,0.25707748532295227,0.42421239614486694,0.3298049569129944,0.3320503234863281,0.23252812027931213,0.3868544101715088,0.30301952362060547,0.3848227858543396,0.2935444712638855,0.34136995673179626,0.25815367698669434,0.35115179419517517,0.279548317193985,3,D#,112.5,354,0.5270783758262512,0.04076445110061606,2.2613333333333334,188.32,-18.373188802714488,安德烈波切利 - Love Me Tender.flac
364CBB655E7D4A90B83A060A39,138.11066666666667,48000,1,6629312,0.065846286714077,0.047247160226106644,0.27037981152534485,0.0,0.031936376817365615,0.041082675881931194,0.42529296875,43542.1875,46.38910243614468,1911.9136277188322,1283.3769294288818,2996.166533253543,1099.0915948339325,3403.0877114226137,2841.382867640423,0.018333161249756813,0.12973977625370026,17.834875883069703,7.105514849258568,12.670336728559128,4.317455838650525,16.430471692618365,4.776304860066695,18.93991587358425,5.0049343993683335,20.90676324188617,5.655870016802734,17.84414652372957,5.11254805375186,44.7202172914146,19.278983728423437,-307.0674743652344,101.86459350585938,158.73458862304688,46.31135559082031,16.669055938720703,30.991792678833008,15.370954513549805,23.797237396240234,-3.178541898727417,15.944146156311035,10.149272918701172,12.647109985351562,-2.0860908031463623,13.690765380859375,0.12209957838058472,11.923501968383789,-2.5565898418426514,10.185029983520508,-4.580344200134277,10.750734329223633,-2.089881181716919,8.299633026123047,0.1162872239947319,9.020744323730469,-7.81397819519043,9.455668449401855,-4.156760215759277,8.19983196258545,-7.0947184562683105,7.332031726837158,-7.1523919105529785,7.641759395599365,-3.682398557662964,7.565632343292236,-3.836223840713501,7.320872783660889,-5.878804683685303,6.764756679534912,-5.903223037719727,7.314529895782471,-0.014371995814144611,-0.014743604697287083,-0.004405098967254162,0.0006686681299470365,-0.00037930815597064793,-0.0016558567294850945,-0.0006960781756788492,0.00026803897344507277,-7.264364285219926e-06,-0.00041501459782011807,-0.00026335104485042393,0.00013123761164024472,0.0005739469779655337,0.0009480486041866243,0.0010296300752088428,0.000916859891731292,0.0007914984016679227,0.0005407562130130827,0.000275020080152899,0.00040223091491498053,0.40317806601524353,0.3123617470264435,0.41626501083374023,0.3135606050491333,0.43080177903175354,0.3471202254295349,0.43144527077674866,0.3063966929912567,0.477466881275177,0.3388124108314514,0.4137168824672699,0.31803590059280396,0.3110499978065491,0.2730864882469177,0.30842965841293335,0.2723816931247711,0.389791876077652,0.29454702138900757,0.48948708176612854,0.3354535698890686,0.4275853931903839,0.32086655497550964,0.36248448491096497,0.26143568754196167,9,A,125.0,260,0.48481853281853277,0.04018604438873233,0.416,125.984,-21.81295806317812,La La Land - City of Stars.flac
B7C8FC27F3C349B0B39EB7D55A,362.09197278911563,44100,1,15968256,0.20159178972244263,0.1658247858285904,0.6988523602485657,8.922478400563705e-07,0.060534585385672836,0.06988782613786725,0.5224609375,1088066.375,60.36655389311589,3179.728260418081,1720.4664197383306,3420.1108073381997,852.2365162402874,7019.637808001218,3018.7212408864716,0.000983911333605647,0.011384179815649986,16.457316556926664,6.385620085360477,12.641307390071448,5.255286710502905,16.65717548970728,5.275875446672525,19.526743819137383,7.199725571532273,20.84190878093761,7.452964541383208,22.043894492852584,7.765199371475708,50.59376645384301,8.45208657879564,-199.3332977294922,76.91963958740234,93.45700073242188,40.039127349853516,-5.546041965484619,28.487224578857422,56.8366584777832,26.84022331237793,-12.388678550720215,22.091890335083008,27.095088958740234,15.41361141204834,0.7819566130638123,12.27107048034668,15.887474060058594,11.850373268127441,7.187110424041748,11.653695106506348,5.600482940673828,11.482144355773926,4.307027816772461,11.292719841003418,0.45645737648010254,11.498109817504883,8.090402603149414,10.872774124145508,1.3968955278396606,10.40968132019043,9.047080039978027,9.900487899780273,-0.7981403470039368,9.041866302490234,4.042647361755371,9.120445251464844,4.844212532043457,7.807607173919678,9.71291732788086,9.145822525024414,5.658504486083984,9.66341781616211,0.0016747534973546863,0.0022679634857922792,0.0017404223326593637,0.0007702637813054025,-8.538644760847092e-05,0.00011530050687724724,0.0005193092511035502,0.000320253282552585,0.00039511293289251626,0.0003180752391926944,0.00027369617600925267,0.0003964375937357545,0.00025424984050914645,0.0003292201436124742,0.0005731525598093867,0.0005273661226965487,0.00038137577939778566,0.00047245481982827187,0.00028730000485666096,0.00026406379765830934,0.691108226776123,0.3377155661582947,0.6555371880531311,0.3268011510372162,0.6104344725608826,0.33675727248191833,0.5838927626609802,0.30573877692222595,0.6071441173553467,0.30523234605789185,0.5188159346580505,0.2744941711425781,0.4967457354068756,0.24178895354270935,0.5972626209259033,0.2898704707622528,0.5732882022857666,0.25929901003837585,0.5934256315231323,0.2987710237503052,0.5649945139884949,0.28820955753326416,0.6238769888877869,0.3214823603630066,0,C,123.046875,735,0.4898334847108689,0.005542777197893348,1.9388662131519274,361.4766439909297,-14.532337322703444,【意大利电子⧸梦幻浩室⧸非洲宇宙场景】Welcome To Paradise Vol. III： Italian Dream House 90-94 p05 B2 Deep Choice - Children Trip [BV1Sh4y1z7Yv_p5]_p05.flac
A1CC7E194F30411980025EA378,337.1537414965986,44100,1,14868480,0.2040749341249466,0.13257308304309845,0.5745530724525452,8.922478400563705e-07,0.043314015502866635,0.04745667694988225,0.5224609375,880573.9375,59.447658274243985,2316.2357924983894,1077.242637690687,2756.4294785214124,608.5453893701577,4805.001441926931,1997.9390901884244,0.0006768816965632141,0.00793355144560337,15.733246837409604,5.492791507167162,9.903609185317684,3.494921418484469,14.00245284847665,4.436185310493523,16.815152732680797,4.74015587198868,17.344852399405355,5.3563466968118085,18.380052042832467,5.889982692293385,50.193465279228754,4.148782460451234,-165.6960906982422,70.19745635986328,137.4153594970703,32.20589065551758,-28.5782527923584,23.913911819458008,50.90360641479492,30.072309494018555,-0.7147504091262817,14.35642147064209,6.486697673797607,13.763107299804688,9.433520317077637,11.749028205871582,8.094748497009277,13.93149185180664,2.1317882537841797,11.16327953338623,9.8896484375,10.137066841125488,5.501877784729004,8.66220474243164,5.356165409088135,8.460429191589355,2.384812355041504,8.21081829071045,3.322360038757324,8.108210563659668,1.7390727996826172,7.6224751472473145,2.6246306896209717,7.0943603515625,2.5546066761016846,7.979868412017822,0.5209102630615234,7.176233768463135,2.708493709564209,6.952330112457275,-1.2159310579299927,6.433300495147705,-2.101689267064444e-09,-5.25422316766111e-10,1.970333618483977e-10,0.0,-5.25422316766111e-10,-1.0836834762883996e-09,-4.597445202314532e-10,4.269056219641243e-10,-6.567778959576387e-11,0.0,9.851668092419885e-11,4.925834184987821e-10,-3.119694780284732e-10,4.269056219641243e-10,-2.627111583830555e-10,-6.567778959576387e-11,1.6419447398940967e-11,-6.896167525916042e-10,-8.538112439282486e-10,-7.22455650858933e-10,0.6747961044311523,0.2930493950843811,0.6287764310836792,0.30113884806632996,0.6222776770591736,0.3068940341472626,0.6200382709503174,0.26844775676727295,0.721619725227356,0.2713567912578583,0.6132954359054565,0.27300435304641724,0.5622973442077637,0.27274957299232483,0.6091166734695435,0.2665339410305023,0.5616413950920105,0.2437981367111206,0.6030204892158508,0.280783087015152,0.5697214007377625,0.25117719173431396,0.6328722834587097,0.25996553897857666,4,E,120.18531976744185,623,0.5002742962136623,0.016648087677013878,0.4992290249433107,311.66984126984124,-14.485816289155384,【意大利电子⧸梦幻浩室⧸非洲宇宙场景】Welcome To Paradise Vol. III： Italian Dream House 90-94 p10 D2 Neurostate– Dance To The House (Unreleased Edit) [BV1Sh4y1z7Yv_p10]_p10.flac
F905340525194A1A9D838DB885,332.27755102040817,44100,1,14653440,0.11605168133974075,0.0885121151804924,0.4416103661060333,0.0,0.052850930588553856,0.040520615305500135,0.29443359375,312164.15625,54.943830344198176,2196.199828584655,948.2440850932546,2515.9922238921167,581.2674304575826,4531.405705437004,2003.8219194715243,0.0006588918040506542,0.024561086669564247,17.79214448998025,5.303150126475056,11.801148756380702,4.149962615030253,14.906980119029638,4.30438532769262,16.291015083662813,4.507775509412004,17.577689634401295,4.749300774068615,19.854678091202626,6.3395636548754934,51.412080771721406,7.094863222663128,-202.23284912109375,62.46928787231445,149.95907592773438,34.74749755859375,-32.258445739746094,21.919315338134766,30.931917190551758,26.4064998626709,-12.194628715515137,18.900951385498047,19.741151809692383,16.19951057434082,3.630422353744507,11.330278396606445,1.035048007965088,11.131674766540527,5.8104729652404785,10.32030200958252,-1.5185495615005493,10.016715049743652,3.963207721710205,9.424941062927246,-4.876759052276611,9.261884689331055,-1.7656967639923096,9.028653144836426,-4.868286609649658,9.462536811828613,-2.2249577045440674,8.810027122497559,-5.737957954406738,7.850526809692383,-3.6409287452697754,7.488387584686279,-2.0260531902313232,7.381392002105713,-1.600251317024231,6.5159406661987305,-1.2362899780273438,6.476246356964111,0.0026831638533622026,0.001760774990543723,-0.0010626445291563869,-0.001019805553369224,7.655964873265475e-05,5.958556812402094e-06,-0.00012056018022121862,0.0003539288300089538,0.00043270504102110863,0.00021543494949582964,0.000396514602471143,0.0005872265319339931,0.000466885045170784,0.0003714975609909743,0.00025484469369985163,-3.205806569894776e-05,-0.0001706935145193711,-9.518703154753894e-05,-7.11120301275514e-05,-2.7183192287338898e-05,0.48529618978500366,0.2576039135456085,0.5538349151611328,0.3021570146083832,0.5932192206382751,0.2657144367694855,0.7023332118988037,0.2543976604938507,0.5881785750389099,0.28611525893211365,0.480076402425766,0.24821139872074127,0.5027556419372559,0.28306320309638977,0.507605791091919,0.22878535091876984,0.657630980014801,0.27482593059539795,0.5011818408966064,0.23477302491664886,0.4694443643093109,0.25270578265190125,0.5451157689094543,0.27060315012931824,3,D#,123.046875,577,0.4917309145880575,0.010236180302705093,39.81061224489796,323.04761904761904,-17.7554796529238,【意大利电子⧸梦幻浩室⧸非洲宇宙场景】Welcome To Paradise Vol. III： Italian Dream House 90-94 p03 A3 Leo Anibaldi - Universal [BV1Sh4y1z7Yv_p3]_p03.flac
818C48C49AE547DCBC6D3D9B43,331.78993197278913,44100,1,14631936,0.0906737744808197,0.04680156335234642,0.2768982946872711,0.0,0.03679925942672067,0.033283514972429984,0.3115234375,152354.8125,51.82856177030529,1857.0435224475696,1276.1644121245097,2448.502370138376,1196.3038070808461,4007.532611768038,3249.6599567768,0.0003383173607289791,0.016937704756855965,13.633540771537248,4.663661851327862,9.103782721576582,3.208776894461814,12.731088756538108,3.315443465716395,16.495261967565146,3.6150780697018647,17.967458860430934,4.193128519617059,18.68713530036538,4.719198509748663,47.66059533128485,8.103180508557152,-245.1209259033203,74.90670776367188,171.43072509765625,45.40953063964844,9.208680152893066,19.991008758544922,26.725048065185547,30.858779907226562,-9.824555397033691,21.051555633544922,14.47811508178711,17.813783645629883,-3.355009078979492,10.984533309936523,5.245650291442871,9.842629432678223,-5.403860569000244,8.116332054138184,0.9589841961860657,7.974466323852539,-0.7730435729026794,6.9033308029174805,-2.234952926635742,7.051743030548096,1.7663259506225586,8.508813858032227,-4.706693649291992,6.8194193840026855,4.083455562591553,7.786064624786377,-4.970647811889648,6.78945255279541,1.863222599029541,7.9480509757995605,-3.3672609329223633,5.752692699432373,-1.3095965385437012,7.102876663208008,-2.987156391143799,6.120397090911865,0.0001489519199822098,0.00021024174930062145,0.00020901495008729398,0.00020698861044365913,0.00020419929933268577,0.00020068812591489404,0.00019651063485071063,0.0001917314511956647,0.0001864211808424443,0.00018065959739033133,0.00017453098553232849,0.00016812233661767095,0.000161518226377666,0.00015480957517866045,0.00014807873230893165,0.00014140695566311479,0.00013487022079061717,0.0001285350153921172,0.00012246273399796337,0.00011670518870232627,0.6368104219436646,0.27371540665626526,0.5955665111541748,0.26645156741142273,0.5635681748390198,0.27349066734313965,0.45437896251678467,0.25385725498199463,0.4817475378513336,0.2166929394006729,0.6247758865356445,0.29631292819976807,0.42564401030540466,0.22875772416591644,0.34045928716659546,0.20717912912368774,0.41622239351272583,0.19660361111164093,0.5514392852783203,0.23707865178585052,0.7086620330810547,0.27417081594467163,0.592099130153656,0.23352375626564026,10,A#,129.19921875,699,0.4630850697490075,0.012902447175072064,1.5905668934240362,324.8239455782313,-21.51687180271843,【意大利电子⧸梦幻浩室⧸非洲宇宙场景】Welcome To Paradise Vol. III： Italian Dream House 90-94 p07 C1 Cosmic Galaxy– Walkin' On The Moon [BV1Sh4y1z7Yv_p7]_p07.flac
3DD429C6458C404A9891416635,329.9555555555556,44100,1,14551040,0.1669483631849289,0.07761687785387039,0.38476717472076416,0.0,0.03131903043744062,0.04530859421285033,0.40185546875,493241.6875,56.93059774910949,1691.1304304398668,1420.2326136698268,2296.452866409923,1035.282352360439,3619.47149520546,3104.7833777694805,0.0014901523245498538,0.035877034068107605,16.964217174050432,5.331499514059729,12.829790641125095,4.268724548393748,13.950998309811915,4.409983548930094,16.5974696887239,4.2489579037049685,16.75880413016494,4.268963424626585,20.42053740787608,6.5064412125369655,45.70604931365014,7.881337108308504,-242.60740661621094,79.03792572021484,153.8978271484375,39.9205207824707,11.67781925201416,33.909847259521484,54.98279571533203,25.525468826293945,5.973954200744629,28.017192840576172,22.49588394165039,18.525251388549805,10.599715232849121,13.503658294677734,14.014192581176758,11.185844421386719,5.718175888061523,8.989672660827637,2.016838312149048,9.4607515335083,3.884023904800415,8.365779876708984,1.1639419794082642,8.510265350341797,1.7172943353652954,8.632940292358398,-7.47341775894165,7.912200450897217,-1.9488468170166016,7.723711967468262,-6.978908538818359,7.235832214355469,-5.737026691436768,6.92363977432251,-7.361931800842285,7.3562164306640625,-3.5397512912750244,7.320343494415283,-6.996625900268555,6.849832534790039,1.0737686295669846e-09,1.0737686295669846e-09,-3.355526967396827e-09,-2.6844215739174615e-09,-4.697737754355558e-10,-5.368843147834923e-10,-1.3086555172847625e-09,-1.3422107869587308e-10,4.026632360876192e-10,-3.355526967396827e-10,-1.3422107869587308e-10,-2.6844215739174615e-10,0.0,3.355526967396827e-11,3.355526967396827e-10,-1.1744344385888894e-10,-6.711053934793654e-11,-4.697737754355558e-10,4.362185057615875e-10,6.711053934793654e-11,0.46025267243385315,0.2900923192501068,0.48612064123153687,0.2875795066356659,0.4982176721096039,0.30056819319725037,0.47219374775886536,0.3005189597606659,0.43503785133361816,0.26457756757736206,0.4962884783744812,0.30199870467185974,0.5690183639526367,0.23992158472537994,0.6760713458061218,0.2801991403102875,0.6308079957962036,0.2660578191280365,0.6031503677368164,0.2829376459121704,0.5469176173210144,0.2778514623641968,0.4879930019378662,0.2759471535682678,7,G,123.046875,606,0.48510515170255425,0.018223815048602553,0.5108390022675737,293.9994557823129,-16.148100045586894,【意大利电子⧸梦幻浩室⧸非洲宇宙场景】Welcome To Paradise Vol. III： Italian Dream House 90-94 p04 B1 Green Baize - Tramp Heart [BV1Sh4y1z7Yv_p4]_p04.flac
DC92B30BB51D42488F02AA203F,413.1062131519274,44100,1,18217984,0.15043550729751587,0.08207801729440689,0.5120344161987305,0.0,0.09387275985899166,0.06251046200965664,0.509765625,535033.875,57.28381279703168,3389.3584886843873,1094.087978640566,4056.3750086315736,759.1516259326809,8870.467563568365,2660.035768686991,0.004151748958975077,0.06376262754201889,17.635948711584533,5.814835489136963,10.469683654689492,3.8764475478734353,15.516952761899578,3.9681351572285455,19.435458394141598,4.789300177402265,20.077000306782278,5.469321013219244,23.181498846178,7.930933685414326,56.96462304417897,7.382746484943885,-157.61924743652344,76.47603607177734,132.99632263183594,24.938888549804688,-4.143139839172363,26.17391586303711,46.607093811035156,20.1750545501709,-14.18471622467041,13.381035804748535,30.38214111328125,12.475180625915527,-23.628381729125977,10.966714859008789,19.133617401123047,10.900969505310059,-13.138914108276367,9.512454986572266,7.447631359100342,9.683165550231934,-0.5315894484519958,9.040980339050293,-7.432391166687012,9.086206436157227,10.804362297058105,10.13533878326416,-10.958292961120605,9.14182186126709,14.24179744720459,9.48514461517334,-8.253368377685547,8.290789604187012,8.925559043884277,9.723003387451172,-1.1250686645507812,9.225008964538574,-0.224411278963089,8.646594047546387,1.0229887962341309,9.174981117248535,-1.715289799086861e-09,0.0,2.6801402763787507e-10,-1.0720561244292881e-10,-2.4121263320076025e-10,3.2161684426768034e-10,5.896308441499798e-10,1.0720561244292881e-10,-3.7521963314191e-10,-2.1441122488585762e-10,-1.6080842213384017e-10,1.0720561244292881e-10,-5.896308441499798e-10,-4.2882244977171524e-10,-4.824252664015205e-10,3.2161684426768034e-10,2.6801403110732203e-11,1.87609816570955e-10,4.824252664015205e-10,4.824252664015205e-10,0.45301344990730286,0.24742037057876587,0.5166868567466736,0.2616700232028961,0.5591817498207092,0.3149860203266144,0.46270301938056946,0.2458370476961136,0.5100138187408447,0.301311731338501,0.3605611026287079,0.22419942915439606,0.402488112449646,0.2554437518119812,0.4798389971256256,0.2909821569919586,0.5326218008995056,0.25456702709198,0.6516425013542175,0.31505391001701355,0.5295280814170837,0.27400705218315125,0.5154725909233093,0.28575316071510315,9,A,123.046875,830,0.4899998632343971,0.015307596285116494,0.5340589569160997,406.7439455782313,-16.33058638452746,【意大利电子⧸梦幻浩室⧸非洲宇宙场景】Welcome To Paradise Vol. III： Italian Dream House 90-94 p11 D3 Don Carlos - Ouverture [BV1Sh4y1z7Yv_p11]_p11.flac
7AB4F0B765984F5AAADDDA584A,372.4712925170068,44100,1,16425984,0.1636112928390503,0.09904804080724716,0.4983486533164978,0.0,0.03066382812256491,0.03316457005546493,0.30908203125,600868.0,57.78779075716556,2037.9641642769939,1131.6462695430803,2797.8805675692265,682.6255419892107,4602.421315233632,2633.832463378222,0.000697327486705035,0.025359686464071274,16.685393353704512,4.974304520927577,9.810350453379478,3.3558872722518793,15.746269892228625,4.837055621123022,18.87900105684845,5.371890080744405,15.015655631474978,3.53585921804133,16.12068276162775,2.694661704186089,48.86383783913869,7.109407486300481,-230.53463745117188,72.47415924072266,126.40335845947266,30.657602310180664,13.814525604248047,28.405263900756836,72.73509216308594,31.680208206176758,-2.219587564468384,19.660995483398438,18.38941192626953,14.878032684326172,8.99341106414795,10.266837120056152,6.742956638336182,12.075535774230957,14.106328010559082,9.591341018676758,5.526819705963135,8.314148902893066,5.565744400024414,7.060941696166992,1.8066986799240112,8.084880828857422,1.4471760988235474,7.923339366912842,-2.9014837741851807,8.288349151611328,1.7587023973464966,7.532114028930664,-1.0242871046066284,9.023609161376953,5.7052106857299805,7.458275318145752,6.050813674926758,7.254746437072754,1.1404918432235718,6.328866004943848,-3.132089853286743,7.439462184906006,0.0002567707560956478,0.00027737056370824575,4.3349718907848e-05,-0.00022574189642909914,-0.0003344567376188934,-0.00018442701548337936,9.354777284897864e-05,0.00028548523550853133,0.00031283320276997983,0.00021019448467995971,3.3630819871177664e-06,-0.00023274858540389687,-0.0003124853246845305,-0.0001316560519626364,0.0001564022240927443,0.00031169448629952967,0.0002669031382538378,0.00010600242967484519,-8.396014163736254e-05,-0.0002212227409472689,0.6502549648284912,0.27588024735450745,0.5995187759399414,0.270576536655426,0.5978767275810242,0.2763599455356598,0.5933041572570801,0.2542895972728729,0.6433324813842773,0.2961980998516083,0.674339234828949,0.29363808035850525,0.5566675662994385,0.2422771006822586,0.5312438011169434,0.23115941882133484,0.569536566734314,0.19090361893177032,0.7412757873535156,0.26124849915504456,0.6845393180847168,0.2358544021844864,0.6226906180381775,0.23709924519062042,9,A,117.45383522727273,687,0.5130052954126257,0.014337035619502657,17.77487528344671,369.69650793650794,-16.489242190701063,【意大利电子⧸梦幻浩室⧸非洲宇宙场景】Welcome To Paradise Vol. III： Italian Dream House 90-94 p02 A2 Optik - Illusion [BV1Sh4y1z7Yv_p2]_p02.flac
49BED5E277AF40909EC0BD756D,240.04789115646258,44100,1,10586112,0.15188801288604736,0.1313851773738861,0.6137233376502991,0.0,0.05922499467252261,0.03490995825763514,0.40869140625,426979.84375,56.30407373960001,2593.257504352815,935.2272190561481,2902.231848180788,645.6068681395714,5320.141439801772,2064.853994730838,0.02274596318602562,0.1484595090150833,19.480023856050963,5.540491434101488,9.898149599627082,3.1678708870533554,15.996422434865613,4.542180768375806,17.517068832468063,4.54336732976343,17.559786385218793,4.3268934490141575,19.651229111591192,5.294697132949834,51.402627717153806,9.232570594470321,-169.23883056640625,101.1185073852539,127.59781646728516,37.01994323730469,-34.25651168823242,17.82485008239746,30.181859970092773,25.91200065612793,1.6022752523422241,13.997808456420898,25.363876342773438,17.319063186645508,-2.9323928356170654,8.12680435180664,3.383208751678467,10.616722106933594,-1.8308430910110474,8.026429176330566,0.9545020461082458,7.806816577911377,1.8820343017578125,8.83351993560791,2.6773786544799805,8.830789566040039,5.469180583953857,8.821493148803711,-2.974155902862549,7.7120819091796875,5.183804988861084,8.330810546875,-6.365346908569336,7.649357795715332,1.4184114933013916,8.624443054199219,-4.825815677642822,7.650084495544434,-4.59291934967041,6.968115329742432,-3.156714916229248,6.459777355194092,1.4759190536395295e-09,-7.379595268197647e-10,3.6897976340988237e-10,-1.1991841963876482e-09,4.6122470426235296e-11,-6.45714592906188e-10,1.1530617433086476e-10,-1.3836741474815284e-10,9.68571889359282e-10,-3.22857296453094e-10,-1.8448988170494118e-10,2.3061234866172953e-10,-1.3836741474815284e-10,9.224494085247059e-11,5.765308785932177e-10,-4.6122470426235296e-11,1.3836741474815284e-10,-1.8448988170494118e-10,-1.8448988170494118e-10,-5.073471642802474e-10,0.4585966169834137,0.2828097343444824,0.6247368454933167,0.35458633303642273,0.44768255949020386,0.2923567295074463,0.3112921416759491,0.23910444974899292,0.2903430163860321,0.24714395403862,0.36805182695388794,0.226180300116539,0.596673309803009,0.3467605710029602,0.40333595871925354,0.27063941955566406,0.37429261207580566,0.26469188928604126,0.37003204226493835,0.26323381066322327,0.369935005903244,0.2548322081565857,0.45174598693847656,0.3220688998699188,1,C#,103.359375,328,0.5812444610871872,0.01277067449364013,39.85705215419501,229.9239909297052,-14.261224206136058,【意大利电子⧸梦幻浩室⧸非洲宇宙场景】Welcome To Paradise Vol. III： Italian Dream House 90-94 p06 B3 Deep Blue – Deep Blue (The Inner Part Of Me) [BV1Sh4y1z7Yv_p6]_p06.flac
924CF2535CAB4C48A485EF4845,367.20036281179136,44100,1,16193536,0.19422249495983124,0.15416784584522247,0.6091796159744263,8.922478400563705e-07,0.09010643910651617,0.08211296596882955,0.5224609375,995774.0,59.98160782509893,4215.332726237841,1850.7973290535563,4179.584724340519,758.012591720947,9192.708844323544,3016.029290157806,0.0015237854095175862,0.012557332403957844,18.750199455681475,6.238629300513339,10.30846803225007,3.685766236081752,14.286322311111695,3.944606578687031,17.085648431743397,4.8266281376085525,18.407757058684606,5.178763807887409,19.09179571860611,5.0942839137689635,52.04691079688332,5.27532852066087,-141.35720825195312,80.4914779663086,100.34774017333984,38.63294219970703,-4.166831970214844,20.582738876342773,48.47163391113281,19.887928009033203,-17.2091064453125,18.827478408813477,32.3082389831543,14.056770324707031,-13.78690242767334,14.688621520996094,21.816457748413086,13.353189468383789,-10.761122703552246,12.592238426208496,8.266321182250977,10.265743255615234,-4.3373613357543945,8.958106994628906,2.5998733043670654,8.881160736083984,-0.5969811677932739,9.112028121948242,-0.3740308880805969,8.259425163269043,1.3293671607971191,7.872188568115234,-5.810965538024902,7.5125603675842285,-0.8389472365379333,7.428567409515381,-6.423087120056152,7.466909885406494,-0.5441301465034485,7.610331058502197,-7.665551662445068,7.864764213562012,1.92972127166513e-09,7.236454768744238e-10,-4.522784369243027e-10,-4.824303179162825e-10,8.442531118646457e-10,-8.442531118646457e-10,-2.4121515895814127e-10,3.618227384372119e-10,-4.2212655593232284e-10,-2.7136706770569674e-10,4.522784230465149e-11,3.7689870668877745e-10,3.015189486976766e-11,-1.2060757947907064e-10,-9.045568738486054e-10,-2.4121515895814127e-10,-3.015189486976766e-10,4.2212655593232284e-10,-1.8091136921860596e-10,-1.2060757947907064e-10,0.5299586653709412,0.29276642203330994,0.4944755733013153,0.25175800919532776,0.5681313276290894,0.2748037278652191,0.561097264289856,0.2711908221244812,0.6145617365837097,0.2746586799621582,0.6868412494659424,0.29276469349861145,0.5645668506622314,0.2254752516746521,0.4982990622520447,0.27946192026138306,0.46155521273612976,0.2528485357761383,0.49476078152656555,0.2977224886417389,0.4775572419166565,0.2717394232749939,0.5206171274185181,0.2817492187023163,5,F,126.04801829268293,753,0.47620977469001785,0.012173520433296949,0.4992290249433107,358.6089795918367,-13.238950537387383,【意大利电子⧸梦幻浩室⧸非洲宇宙场景】Welcome To Paradise Vol. III： Italian Dream House 90-94 p09 D1 Lonely Dance– Sweet Pieces (Alternative Mix) [BV1Sh4y1z7Yv_p9]_p09.flac
8E0D1A1B284746B3A1FCE15B41,352.15383219954646,44100,1,15529984,0.26734644174575806,0.1367821842432022,0.5887541770935059,8.922478400563705e-07,0.05159688718248277,0.05112151431778592,0.5224609375,1400593.375,61.46312067743982,2832.279596083704,1366.0253157284126,3452.175762831287,978.0088545576992,6502.080345663139,3034.929815774629,0.0005104963202029467,0.007525162771344185,18.171983177992104,7.3295630334589985,9.553718826907726,3.7110891318109016,14.88310471270958,4.606118124076065,17.888155014879228,5.642947240966153,17.76670202699522,6.276867022186683,21.082613424794747,7.02389409999439,50.962564138241,4.845680533077177,-134.10202026367188,68.42584991455078,121.8668441772461,37.046974182128906,-11.68603229522705,34.24277877807617,59.472286224365234,24.07120704650879,-2.47621488571167,14.726961135864258,31.83905601501465,18.14769744873047,-6.059991359710693,13.083580017089844,19.3228702545166,18.226829528808594,-5.244730472564697,14.659403800964355,7.824739456176758,16.50273323059082,-5.475295543670654,12.071465492248535,2.93951678276062,14.457873344421387,-2.483105182647705,11.14345932006836,-2.5482583045959473,10.611385345458984,-0.6468725800514221,10.64865493774414,-3.565974712371826,9.342799186706543,0.29493674635887146,9.241521835327148,-5.644543647766113,9.052835464477539,0.5860955119132996,10.049895286560059,-5.143885135650635,7.913750171661377,0.0011135510867461562,0.0014029755257070065,0.0010016970336437225,0.0006004805909469724,0.0003382349677849561,0.00019242163398303092,8.359925413969904e-05,-1.1416864253988024e-05,-6.976344593567774e-05,-9.671860607340932e-05,-0.0001344301999779418,-0.00019802007591351867,-0.00024398304230999202,-0.00022104915115050972,-0.00013244955334812403,-3.018924871867057e-05,3.919666414731182e-05,6.501560710603371e-05,5.898522795177996e-05,3.6713772715302184e-05,0.6348102688789368,0.2755175828933716,0.6555128693580627,0.2257498949766159,0.6275148391723633,0.1995050609111786,0.6486865878105164,0.24991673231124878,0.7034536004066467,0.2518312633037567,0.7558515667915344,0.2580837905406952,0.6840996742248535,0.20824143290519714,0.5547962188720703,0.2041022777557373,0.5394571423530579,0.2481808364391327,0.5126267671585083,0.2379436194896698,0.610763669013977,0.25302964448928833,0.6253181099891663,0.26312538981437683,5,F,120.18531976744185,688,0.4961533104265481,0.024333082010943186,0.8010884353741496,341.6584126984127,-12.448622003366467,【意大利电子⧸梦幻浩室⧸非洲宇宙场景】Welcome To Paradise Vol. III： Italian Dream House 90-94 p08 C2 Golem - Sun City [BV1Sh4y1z7Yv_p8]_p08.flac
870491B93FD04F979A12BC7811,285.14104308390023,44100,1,12574720,0.17522947490215302,0.10865568369626999,0.4616157114505768,0.0,0.034170065411119256,0.03248688173024286,0.3095703125,534591.1875,57.280217953264916,1738.8249354564543,1076.4842136392458,2171.8329175740637,891.2013864226615,3643.338011577043,2489.433783424215,0.00030585203785449266,0.01650252193212509,18.943337249460644,5.7595549160156985,11.641239958870528,4.400229953046589,16.27696069003899,4.352892542154431,18.810346068143215,5.063317397162652,17.573507200505095,4.956836024272351,18.664136597866218,7.014361181979654,46.33523826303375,8.535595009734779,-220.25071716308594,70.28052520751953,152.6556396484375,33.4638786315918,-10.206334114074707,40.397335052490234,37.80965805053711,36.587520599365234,0.0872662216424942,24.797380447387695,9.93394660949707,21.27783203125,-0.8797011375427246,15.778898239135742,-4.619565010070801,14.866033554077148,-3.303199291229248,15.279051780700684,-9.087656021118164,14.02123737335205,-2.218743085861206,13.913064002990723,-2.3201777935028076,11.445961952209473,-0.31735485792160034,11.400084495544434,-4.8289995193481445,10.736173629760742,-2.5727787017822266,10.139188766479492,-2.2349185943603516,10.200732231140137,-1.6955273151397705,10.002652168273926,-2.5117383003234863,9.493124008178711,-0.5264145135879517,8.267571449279785,0.28537827730178833,7.9786577224731445,0.0019314833916723728,0.001482590683735907,0.00038728505023755133,0.00036528773489408195,1.733403405523859e-05,0.00032540535903535783,0.0004264198068995029,5.8056753914570436e-05,0.000254229293204844,0.00018859709962271154,-0.00010833415581146255,-0.00015919718134682626,-6.769887841073796e-05,1.0890237717831042e-05,0.00011079093383159488,0.00028045428916811943,0.00034872035030275583,0.0003070444508921355,4.4891672587255016e-05,-9.277145727537572e-05,0.542312741279602,0.3446284532546997,0.43171465396881104,0.31936222314834595,0.41872575879096985,0.321664959192276,0.4899049997329712,0.26926711201667786,0.6629429459571838,0.30234643816947937,0.5737537741661072,0.28481411933898926,0.46662694215774536,0.27710166573524475,0.47052615880966187,0.29129910469055176,0.39539849758148193,0.24152274429798126,0.44210875034332275,0.29815393686294556,0.46995338797569275,0.26510223746299744,0.5565476417541504,0.31410667300224304,4,E,123.046875,516,0.48779939678136625,0.010204729100122533,33.483174603174604,284.6998639455782,-15.63060260830978,【意大利电子⧸梦幻浩室⧸非洲宇宙场景】Welcome To Paradise Vol. III： Italian Dream House 90-94 p01 A1 Jacy - Resounding Seashell [BV1Sh4y1z7Yv_p1]_p01.flac
A52E2E2FA5474C61984BCECC27,189.01043083900225,44100,1,8335360,0.2578188478946686,0.1280398964881897,0.7192227244377136,1.537538082629908e-05,0.0329728251585437,0.07110176870596192,0.7578125,690750.75,58.39321365134961,2520.198970112469,1480.2147602268528,3688.7813250492686,690.9341577420639,6144.282142887991,3068.8232072402857,0.0016325978795066476,0.014006910845637321,20.120722008568986,5.764995473704346,11.48052074070474,3.839562726788488,15.583242598810298,4.524757065252519,16.515057376562318,4.4377814225149415,17.10432640601916,4.42649425621796,15.540268005480357,2.479165107045217,49.06794794727669,7.54256199638869,-181.06019592285156,84.96317291259766,112.37467956542969,30.133859634399414,31.380537033081055,28.207883834838867,68.81744384765625,19.953245162963867,-4.92533016204834,13.463690757751465,36.083648681640625,10.671967506408691,8.885210990905762,9.283090591430664,10.360230445861816,8.826793670654297,-2.440469741821289,10.507009506225586,3.821345567703247,8.516605377197266,4.654696464538574,7.787387847900391,5.916255950927734,8.491246223449707,0.7880322337150574,8.000226974487305,1.9255218505859375,7.761997699737549,-0.0783863440155983,7.242792129516602,-1.3967770338058472,8.431326866149902,-2.2110214233398438,7.718864917755127,-2.1306605339050293,7.729560375213623,-0.8779013156890869,7.417388916015625,-1.6633538007736206,6.968907833099365,0.0002667340449988842,0.00037659573717974126,0.00037473280099220574,0.00037164348759688437,0.00036733102751895785,0.0003618289774749428,0.0003551574482116848,0.00034735206281766295,0.0003384488809388131,0.0003284929262008518,0.000317531666951254,0.00030561903258785605,0.00029281145543791354,0.0002791695878840983,0.00026476322091184556,0.0002496576344128698,0.00023392205184791237,0.0002176341222366318,0.00020086890435777605,0.00018370403267908841,0.5766423940658569,0.29862263798713684,0.53105229139328,0.25425049662590027,0.5917689800262451,0.261419415473938,0.6206599473953247,0.2635152041912079,0.6251132488250732,0.2764943540096283,0.5953883528709412,0.3054438531398773,0.5842668414115906,0.2707565128803253,0.6225947141647339,0.24429439008235931,0.5772152543067932,0.21823526918888092,0.5955955386161804,0.27321863174438477,0.5834925174713135,0.24999211728572845,0.5994271636009216,0.2756890654563904,4,E,139.6748310810811,417,0.43023896738182454,0.03252375775381365,1.9504761904761905,180.9298866213152,-13.20359321532592,02. Seven Marmelade.flac
25A0003CEA50409D88B8362568,453.02131519274377,44100,1,19978240,0.1953459084033966,0.10537471622228622,0.5101584196090698,0.0,0.0379241656335691,0.0428219614060533,0.736328125,984231.125,59.93097094900472,2066.621066027648,1211.156921182397,2650.153984809391,963.4919023359138,4490.8270171229915,2690.444203924284,0.00028516867314465344,0.010533750988543034,18.31572660697647,5.515751454426344,9.444036356520588,3.2055027553410875,15.657910179237296,4.376477739043035,19.10704593273724,4.538613699790068,18.551587434154545,3.9934344015727063,18.45419841763844,3.7771729024507166,47.3123538025863,9.862946469187314,-188.05130004882812,105.6219253540039,139.52391052246094,32.32493209838867,-3.9485886096954346,32.364707946777344,52.49241256713867,29.444190979003906,-5.054604530334473,22.604999542236328,13.689218521118164,13.367305755615234,-7.7334513664245605,9.969375610351562,3.9588351249694824,13.236261367797852,-4.294371604919434,10.926789283752441,-3.7628989219665527,10.991674423217773,5.862495422363281,12.019545555114746,3.410468101501465,11.462392807006836,2.3812358379364014,12.01792049407959,-7.540283679962158,10.755709648132324,-1.8194350004196167,12.172033309936523,-2.0613644123077393,9.94467830657959,1.793055772781372,10.767868041992188,-3.774939775466919,9.018582344055176,-5.305981636047363,7.406773567199707,-1.9896694421768188,6.37921142578125,0.0,1.5641618000827862e-09,0.0,-9.776011111739535e-10,-1.9552022501034827e-10,3.1772035002930465e-10,-8.554009583994215e-11,3.2994038057232444e-10,7.454208361679093e-10,-3.421603833597686e-10,2.932803444544163e-10,3.421603833597686e-10,-3.9104045002069654e-10,-4.154804555955849e-10,-4.888005625258707e-11,1.833002083451163e-10,2.6884031112395235e-10,-6.048906930899989e-10,-2.1996024446302442e-10,-2.0774022779779244e-10,0.527667224407196,0.2995503842830658,0.6278468370437622,0.3159635066986084,0.6245154142379761,0.3005053997039795,0.4941670596599579,0.26415303349494934,0.47475531697273254,0.33758020401000977,0.4975866377353668,0.2992038428783417,0.618830144405365,0.32959553599357605,0.4307594895362854,0.24377954006195068,0.41302043199539185,0.2562413513660431,0.47662800550460815,0.2808063328266144,0.43565818667411804,0.2631337344646454,0.5173572897911072,0.3281150460243225,1,C#,184.5703125,1275,0.3257537279694714,0.020328072192087106,35.828390022675734,450.8386394557823,-14.263879267758151,01. Death Pacito.flac
77CB62FFAEC0446188CA3AE161,250.0324716553288,44100,1,11026432,0.20149368047714233,0.11624255031347275,0.5682132840156555,1.2308717487030663e-05,0.046602939128012257,0.07727774815845999,0.7548828125,596689.8125,57.75748623041344,3036.462509932957,1950.8541450055382,4134.26839203449,1140.4698080057344,7186.098900112307,4448.66888815655,0.002669736510142684,0.014116024598479271,19.821774978812336,5.940452450810796,11.413393593152389,3.897724070746564,14.57584784710578,4.279295715774127,16.125957857950326,4.231951381945598,16.339267529659864,3.739803825135118,14.723095837218542,2.230538152484007,47.884358000905486,8.310445461001231,-196.99977111816406,91.57684326171875,120.93584442138672,40.42664337158203,38.5211067199707,34.61079406738281,40.69261169433594,23.469629287719727,-7.016305446624756,15.374018669128418,31.238996505737305,12.045429229736328,2.2955567836761475,10.076987266540527,14.698751449584961,12.684985160827637,-9.097952842712402,9.657266616821289,10.089985847473145,9.484481811523438,-0.3512416183948517,8.074457168579102,5.853927135467529,8.083694458007812,-1.1770662069320679,7.494626998901367,1.1704061031341553,7.1968793869018555,-3.1698734760284424,6.842099189758301,-5.1037678718566895,6.62147331237793,-3.6911630630493164,6.940596580505371,-2.165987968444824,6.129969120025635,0.23052430152893066,6.600390434265137,-0.10346437245607376,6.190775394439697,-0.00023987125314306468,-0.000338586833095178,-0.0003367033204995096,-0.0003335698274895549,-0.00032921668025664985,-0.00032366032246500254,-0.00031694050994701684,-0.00030909525230526924,-0.00030016913660801947,-0.0002902189444284886,-0.00027930212672799826,-0.00026748215896077454,-0.00025482827913947403,-0.00024141524045262486,-0.00022731708304490894,-0.00021261592337395996,-0.0001973939943127334,-0.0001817366573959589,-0.00016572883760090917,-0.00014945821021683514,0.4926643371582031,0.310425728559494,0.4445646405220032,0.28315216302871704,0.42155224084854126,0.2777761220932007,0.4596650302410126,0.2927590310573578,0.48409682512283325,0.31093108654022217,0.539863109588623,0.3278225362300873,0.5739278197288513,0.26377663016319275,0.6699854731559753,0.2469162791967392,0.6840367317199707,0.24663256108760834,0.6503890156745911,0.26944175362586975,0.5945584774017334,0.2484360635280609,0.5237140655517578,0.26188769936561584,8,G#,143.5546875,577,0.4192894935752079,0.018974050779127966,3.436553287981859,244.94730158730158,-14.462354686243827,03. Zitterschlagzeug.flac
3F34DF1B2784408BA60CE8165C,552.5546666666667,48000,1,26522624,0.1715933233499527,0.09646584838628769,0.5062649846076965,0.0,0.0320022206273044,0.017157939696062652,0.4912109375,1027769.625,60.118957782744104,1588.6590146068047,640.8234816488625,2319.5194803543113,736.4316097671126,2938.046240082621,1501.837896130577,0.022232485935091972,0.14688287675380707,15.508021202846612,5.520087242114737,10.295541246837733,3.7225587271458673,15.257582733664973,4.551658647677081,18.798074311646527,4.988827461221081,19.53858936273714,4.342516045169788,19.163129145944126,3.7570385423262223,46.656482152575165,8.356482278485535,-185.05979919433594,97.4177474975586,177.48570251464844,40.53355026245117,-14.0640287399292,24.527076721191406,19.68903160095215,14.825172424316406,5.242563247680664,13.899049758911133,9.639108657836914,12.235823631286621,-5.061484336853027,10.415976524353027,3.253380298614502,10.83592414855957,1.8985964059829712,9.789050102233887,0.8819150328636169,9.425220489501953,-1.6542561054229736,8.722284317016602,0.20211264491081238,8.47108268737793,1.4848331212997437,8.500053405761719,0.3957342803478241,8.080111503601074,-0.8234779834747314,7.748229503631592,1.0020487308502197,7.838034629821777,2.022052049636841,7.763577461242676,0.3050968050956726,7.47371768951416,0.470103919506073,6.832512378692627,0.9092429280281067,6.938192367553711,-5.8910831768344e-10,-1.17821663536688e-09,1.1045780956564499e-10,0.0,1.84096349276075e-11,-3.6819269855215e-10,2.025059842036825e-10,3.497830636245425e-10,4.78650508117795e-10,-3.31373428696935e-10,-6.443371947106868e-10,6.6274685739387e-10,-2.3012043659509374e-10,-5.614938514142409e-10,1.288674444932525e-10,-5.5228904782822497e-11,-1.4727707942086e-10,-8.284335717423374e-11,-1.794939336052792e-10,2.53132487193497e-10,0.42509499192237854,0.3259153962135315,0.3897361159324646,0.2940415143966675,0.38666340708732605,0.30304038524627686,0.3645424544811249,0.2920999228954315,0.36868783831596375,0.2949880361557007,0.3735610544681549,0.2950681746006012,0.3811119496822357,0.29188257455825806,0.4240175783634186,0.32972627878189087,0.37906280159950256,0.2810397744178772,0.38090944290161133,0.2979961633682251,0.3652815520763397,0.29019638895988464,0.3677635192871094,0.2778630256652832,0,C,122.28260869565217,1071,0.493986292834891,0.03331761341266045,14.986666666666666,543.552,-14.317164397868122,genshin_nata.flac
286F49DADB7640A39E52E4C55A,245.29560090702947,44100,1,10817536,0.07584047317504883,0.05856458097696304,0.26515060663223267,0.0,0.05192579567034644,0.027267972483427532,0.40380859375,99326.6171875,49.97065644755742,2218.742826046129,783.334805216131,2497.579594789188,638.9289323110979,4298.217513455293,1803.6220564339103,0.0010511555010452867,0.028263922780752182,16.69569141966281,6.218851638126368,14.550940508717776,5.657507882638269,18.66449908558101,5.5219265854052395,19.74373597328637,5.726934957258454,17.52486205563709,3.972174101193195,20.886964929554676,5.642156119758294,50.868443594375734,5.603423353380845,-291.8627624511719,123.36829376220703,133.79196166992188,43.285396575927734,-33.07229232788086,36.84690856933594,20.40723991394043,19.63372039794922,-12.543664932250977,18.27347183227539,-10.52558422088623,21.05061149597168,-21.048620223999023,15.170791625976562,-8.837557792663574,10.937721252441406,2.2623965740203857,13.192102432250977,-16.540361404418945,12.81297779083252,-15.88017463684082,12.324810028076172,-5.6496782302856445,8.613117218017578,-6.507803916931152,8.911299705505371,-12.078238487243652,9.564090728759766,-4.301283836364746,7.519629001617432,-2.0812275409698486,6.734750747680664,-7.2515692710876465,7.8293867111206055,-5.1275248527526855,7.6965203285217285,-2.167793035507202,6.762268543243408,-9.201651573181152,7.980266571044922,0.0034971823915839195,0.002551127690821886,-0.00016189849702641368,-0.000352237606421113,-0.0006688656867481768,-0.0007059343042783439,-0.0005972936050966382,-0.0004947735578753054,-0.00026462305686436594,-0.00014952001220081002,2.0141309505561367e-05,4.594124675350031e-06,0.0002979659184347838,8.583565067965537e-05,7.189042662503198e-05,-0.00010435893636895344,-0.00028975162422284484,-1.544807673781179e-05,-0.00012425660679582506,-0.0001209752299473621,0.298308402299881,0.3192085027694702,0.29945802688598633,0.25829845666885376,0.41508954763412476,0.36468222737312317,0.3517877161502838,0.28246068954467773,0.3493231534957886,0.33634358644485474,0.3173445463180542,0.3213788866996765,0.2810203731060028,0.24268656969070435,0.4051492512226105,0.3687068819999695,0.380461186170578,0.2750672399997711,0.46293461322784424,0.36631977558135986,0.3276427984237671,0.2715555727481842,0.2731159031391144,0.2722882926464081,9,A,78.30255681818181,322,0.7606524395843488,0.06012905236369476,0.2786394557823129,244.44807256235828,-18.856060762761413,huanghe_yao.flac
3CC7E3DF77334AE0B1B2BC3795,200.0,44100,1,8820000,0.22948461771011353,0.10604804754257202,0.5319103598594666,0.0,0.03212517618600162,0.0217983351520621,0.275390625,563694.9375,57.5104413447304,1895.1879298952058,932.0870465815173,2744.8666372254374,806.6235127738892,3951.0434060404814,2463.1816212942454,0.001295460038818419,0.03531547263264656,15.089394145113321,5.169386246084989,11.720086852189938,4.070445083489148,17.281146620410752,4.859970800555696,19.385637006653916,4.973357704319077,20.94636570996779,5.670124763198508,26.981954227726003,10.870857942183719,48.13929191061149,7.013866347355196,-170.76820373535156,75.63294219970703,153.56195068359375,33.35807800292969,-3.84122896194458,25.21147346496582,36.274070739746094,25.772024154663086,-1.4474339485168457,18.246536254882812,28.22206687927246,14.634184837341309,-3.0684595108032227,14.508277893066406,16.889623641967773,13.501185417175293,-1.0563536882400513,13.309778213500977,-0.41972336173057556,12.071523666381836,8.3141508102417,12.04451847076416,5.472627639770508,10.689108848571777,4.036196708679199,9.970796585083008,0.605171799659729,8.790977478027344,2.6132500171661377,8.686745643615723,-0.07244005054235458,8.417987823486328,5.5887041091918945,8.453469276428223,-0.803443431854248,8.047566413879395,0.05954800546169281,8.880151748657227,3.7093405723571777,8.52286434173584,-1.812064328987617e-05,-2.5414781703148037e-05,-2.4761209715506993e-05,-2.3693328330409713e-05,-2.22181151912082e-05,-2.0351510102045722e-05,-1.811687798181083e-05,-1.5544497728114948e-05,-1.266404433408752e-05,-9.511527423455846e-06,-6.125836534920381e-06,-2.5487413495284272e-06,1.178377601718239e-06,5.012492238165578e-06,8.904429705580696e-06,1.281301592825912e-05,1.66928020917112e-05,2.050003968179226e-05,2.4195021978812292e-05,2.773693631752394e-05,0.49156853556632996,0.33569276332855225,0.4757491946220398,0.2740527093410492,0.5833459496498108,0.32835307717323303,0.5136475563049316,0.29103532433509827,0.5271812081336975,0.34154340624809265,0.4811422526836395,0.32668718695640564,0.4232994019985199,0.28450867533683777,0.4722536504268646,0.32295915484428406,0.4061523973941803,0.26640820503234863,0.4211784899234772,0.3092528283596039,0.3672129511833191,0.2656295597553253,0.4025968611240387,0.28125956654548645,2,D,143.5546875,471,0.4197130313118156,0.010952496431201447,0.3250793650793651,197.59020408163266,-13.97087895663249,rb_playlist_04_SZA-Snooze.flac
9B845A8E8A744BCAA50705D73D,185.0,44100,1,8158500,0.259461909532547,0.11430980265140533,0.6878445744514465,0.0,0.0625785049615626,0.055114594322287325,0.4814453125,655860.875,58.168117240893935,3149.7280117135647,1483.6276115318847,3382.144927483219,868.742034571916,6749.9071729388925,2900.77527805666,0.003982675261795521,0.060780275613069534,19.183503882046406,6.199042280961807,11.809021539490814,4.2713542252660135,16.04828943792253,4.722463496251209,17.14347692628567,4.915863020026363,17.502757690599125,4.355230914027829,20.2983826728239,6.350373005235146,51.88728106981482,8.413145857678803,-106.61680603027344,76.00847625732422,120.67100524902344,39.63348388671875,-18.82532501220703,25.120073318481445,56.72395706176758,27.898380279541016,-8.57253360748291,20.744924545288086,30.456438064575195,18.819080352783203,-11.386813163757324,15.097944259643555,11.165595054626465,16.29777717590332,-3.512810707092285,13.153277397155762,7.6265974044799805,11.725569725036621,-2.1103289127349854,11.3948335647583,3.24383544921875,10.896804809570312,1.2041981220245361,9.772414207458496,-1.6907380819320679,9.876984596252441,3.888270854949951,9.284586906433105,-2.044282913208008,8.854551315307617,2.301243305206299,9.314870834350586,-1.8080291748046875,9.016762733459473,2.749122381210327,9.61629581451416,-6.109259128570557,8.663474082946777,-0.022678712382912636,-0.010349546559154987,0.003897355869412422,-0.0024149969685822725,-0.00121335219591856,0.00020475169003475457,0.0007324886973947287,0.0009742215042933822,0.0004902229411527514,0.0005200100713409483,0.00015034707030281425,0.0002912806812673807,0.00038535191561095417,0.0010226190788671374,0.0008369091665372252,0.00011962044663960114,0.0007154084159992635,0.0007791424286551774,0.0002783878007903695,0.00013826422218699008,0.5309861898422241,0.3015821874141693,0.5495920181274414,0.31519439816474915,0.4879826009273529,0.30031073093414307,0.46858739852905273,0.2801119387149811,0.49237534403800964,0.30518364906311035,0.453326553106308,0.28376534581184387,0.4452965557575226,0.29535263776779175,0.42809975147247314,0.2755085229873657,0.5221999287605286,0.28923726081848145,0.5944135189056396,0.31525930762290955,0.5344189405441284,0.2661468982696533,0.5433037281036377,0.3137657642364502,9,A,120.18531976744185,363,0.49849137445033265,0.02394265941848493,1.486077097505669,181.93995464852608,-12.291171253566372,rb_playlist_06_Jake Miller & Jabbar Hakeem-The Girl That's Underneath.flac
3E6F4E0EC2024CCD9FE718F847,293.0,44100,1,12921300,0.18125201761722565,0.10501065850257874,0.4496656656265259,0.0,0.05105608596133653,0.05629653739790268,0.470703125,566983.1875,57.5357018114294,2277.209882580113,1426.8553136639453,2983.2274784738647,937.0746753994708,4271.380506160969,2846.8407900055786,0.002975781913846731,0.04601507633924484,19.729129922417435,6.268793757689277,11.993431227407134,4.379956030546701,16.83714172723587,4.309454557909511,20.35551206723571,4.701364011470427,20.075496970190766,4.784871587831347,22.281872929358453,6.590387540164175,49.09895635977001,7.780176299642379,-166.04055786132812,106.66740417480469,158.0835723876953,40.618316650390625,-4.845747470855713,25.383642196655273,13.249310493469238,23.489173889160156,-9.892024040222168,19.14040184020996,11.037477493286133,14.770071983337402,-20.127553939819336,15.400871276855469,5.8424882888793945,15.683177947998047,-9.153822898864746,10.957728385925293,-0.32818296551704407,12.468018531799316,0.09481200575828552,9.710466384887695,-3.890393018722534,11.563966751098633,-9.60566234588623,9.069314002990723,-3.8235251903533936,9.501644134521484,-9.047673225402832,8.91052532196045,-4.039706230163574,9.066752433776855,-8.2345609664917,8.366847038269043,-0.34489038586616516,8.782049179077148,-0.6307380795478821,8.0989351272583,-1.3626166582107544,8.82791805267334,6.064336162125983e-07,8.621877896075603e-07,8.59013539411535e-07,8.562927291677624e-07,8.522871439708979e-07,8.457874969280965e-07,8.40648226585472e-07,8.339595751749584e-07,8.24625772111176e-07,8.144228331730119e-07,8.043710408855986e-07,7.918251867522486e-07,7.786180162838718e-07,7.641638148925267e-07,7.495962677239731e-07,7.333659937103221e-07,7.165122042351868e-07,6.981185265431122e-07,6.791391342630959e-07,6.592622980861051e-07,0.28825491666793823,0.265943318605423,0.2987438142299652,0.2363278716802597,0.45385313034057617,0.35643470287323,0.30264490842819214,0.22865073382854462,0.276216983795166,0.28088030219078064,0.2527633607387543,0.23745974898338318,0.3985597491264343,0.2990054190158844,0.5271656513214111,0.3611353039741516,0.3920131027698517,0.26954013109207153,0.4645718038082123,0.34881940484046936,0.32675686478614807,0.250959575176239,0.3438810706138611,0.30841028690338135,7,G,156.60511363636363,693,0.3797905443487607,0.021906786755057705,0.7430385487528345,263.55809523809523,-13.179229360448865,cantonese_playlist_08_AGA-孤雏.flac
09E39F2B2CB84CEDAF02365CB2,259.0,44100,1,11421900,0.17807167768478394,0.09421268850564957,0.5234822630882263,0.0,0.05497945318453315,0.06632714566950489,0.7041015625,463576.75,56.661216464461994,2742.74572436795,1468.9382580625816,3319.3796721561366,770.2758557461485,5934.610239106134,2696.362596858753,0.009798789396882057,0.09485255181789398,15.936982513180103,5.580324987714016,13.377527086272764,4.650280090826601,16.855746673623823,4.345382275219197,18.444924964844354,4.287361140671149,17.617179002646655,3.5638542767651056,18.60510315817961,4.210959250383174,51.06886027492291,7.99588485711966,-164.89816284179688,96.76904296875,125.63523864746094,40.0674934387207,-10.196782112121582,21.672998428344727,48.26552200317383,22.477386474609375,1.5280952453613281,17.56604766845703,26.88430404663086,15.412290573120117,-6.139069557189941,11.813126564025879,12.352298736572266,10.890477180480957,-1.039261817932129,9.972776412963867,3.428560256958008,10.069451332092285,-1.1003254652023315,9.15585708618164,-3.058727979660034,9.56607437133789,-0.813511073589325,8.237911224365234,-1.692315936088562,9.123525619506836,-1.984358310699463,7.963222980499268,0.7673637270927429,7.535277843475342,-3.5288634300231934,7.412226676940918,0.056447163224220276,7.288699626922607,-0.477363646030426,7.131336688995361,-1.5465822219848633,7.5999908447265625,-1.3679491983609182e-09,-2.7358983967218364e-09,-2.2229174057031287e-09,2.906892060394739e-09,-1.4534460301973695e-09,-2.5649046775377826e-10,-4.2748410367110523e-10,-1.2824523387688913e-10,6.839745991804591e-10,2.992388836720039e-10,2.5649046775377826e-10,-1.923678577542276e-10,-1.7099364979511478e-10,-3.4198729959022955e-10,5.771035316293194e-10,-2.1374205183555262e-10,6.412261693844457e-11,1.23970389509509e-09,9.61839288771138e-11,9.404650391786618e-10,0.43555325269699097,0.35245275497436523,0.3871508538722992,0.2848574221134186,0.3919118344783783,0.3261561393737793,0.3658013939857483,0.28719836473464966,0.41376084089279175,0.28474828600883484,0.5111133456230164,0.3558571934700012,0.42325088381767273,0.27723073959350586,0.4258040189743042,0.3263151943683624,0.38802051544189453,0.2751449644565582,0.4317407011985779,0.3384779989719391,0.36967378854751587,0.2973916232585907,0.33962634205818176,0.2730594873428345,5,F,105.46875,419,0.5692499647386865,0.05094520176841075,2.0317460317460316,239.978231292517,-14.344770566960296,cantonese_playlist_07_陈奕迅-富士山下.flac
0CF65600F4474C71B19A9926EC,235.0,44100,1,10363500,0.07784467935562134,0.05631193891167641,0.2495763599872589,2.1285131879267283e-06,0.06415169418782729,0.08625420468461482,0.82958984375,95667.4296875,49.807641058584,2839.2053257865687,1810.902113210251,3406.2906220808254,852.1014643110208,5862.715070980974,3188.056526957419,0.0007227477617561817,0.004065255168825388,19.8315759951963,6.045356550550303,11.915030479513858,4.281273111719337,16.473329597254104,4.34350851471902,18.391893751464323,4.472475429703674,19.118201547515955,4.47448321270567,20.76779702583566,6.3514750333968095,52.45050038071533,6.5167256757661125,-248.0438232421875,126.79237365722656,133.3711395263672,40.06333541870117,-10.451081275939941,28.613021850585938,37.027862548828125,22.516328811645508,-5.807318210601807,18.667497634887695,21.351343154907227,16.128639221191406,-8.953544616699219,11.674007415771484,5.542189598083496,12.370535850524902,-6.527800559997559,9.52699089050293,1.992112398147583,10.296144485473633,-3.4911446571350098,8.484480857849121,-2.200798988342285,9.55514144897461,-3.9244632720947266,8.792527198791504,-2.3546037673950195,8.58361530303955,-2.0178472995758057,8.808672904968262,-3.976835012435913,8.09257698059082,-5.06455659866333,8.169750213623047,-3.52980375289917,7.691069602966309,-1.8440147638320923,7.447235107421875,-6.959158897399902,7.046720504760742,-0.0001613532949704677,-0.00022094111773185432,-0.00020426910487003624,-0.0001858097966760397,-0.00016550900181755424,-0.00013897073222324252,-0.00010755431867437437,-7.763819303363562e-05,-5.1096252718707547e-05,-2.4056178517639637e-05,4.017191713501234e-06,2.739964475040324e-05,4.312568489694968e-05,5.643806798616424e-05,7.27529768482782e-05,8.927860471885651e-05,0.00010023182403529063,0.00010638761887094006,0.00011260720930295065,0.00011810762953246012,0.4263976216316223,0.28850725293159485,0.41870418190956116,0.32110509276390076,0.3702135682106018,0.27633970975875854,0.4147394597530365,0.32750722765922546,0.3717511296272278,0.2932373285293579,0.3519337475299835,0.26998186111450195,0.4293350875377655,0.33922669291496277,0.31888094544410706,0.25817379355430603,0.2978507876396179,0.27947425842285156,0.2976914346218109,0.24525131285190582,0.466463565826416,0.30823373794555664,0.5420475006103516,0.341214120388031,11,B,132.51201923076923,468,0.44893569704826963,0.027370833078013915,7.813514739229025,217.46648526077098,-18.780134665449523,cantonese_playlist_05_陈小春-相依为命.flac
4AD0681C6347477D8B1E849422,241.0,44100,1,10628100,0.16249129176139832,0.07904903590679169,0.4705013632774353,7.847594133636449e-06,0.05986821134056313,0.03835162464142462,0.39404296875,347047.03125,55.403883336619984,2618.919857885336,943.3271913648493,3012.0190262529827,548.8135097588424,5501.136435269793,1948.6170727240863,0.00021180511976126581,0.003147387644276023,17.804233353290957,5.796105933584362,10.7543730647779,3.998973153676387,15.702594805512133,4.3906583321905375,18.523496392106935,4.470097715989495,18.260628975756354,4.407372397237898,21.262478529219536,6.939973175284502,52.49596350302365,6.910221796675526,-132.84417724609375,70.52536010742188,144.7130126953125,30.428466796875,-30.846952438354492,17.770736694335938,36.691429138183594,17.28401756286621,-15.88939094543457,15.939130783081055,18.44122314453125,12.940388679504395,-10.163894653320312,12.707296371459961,9.416319847106934,10.6602201461792,-3.081512928009033,9.900785446166992,3.7983765602111816,9.376588821411133,3.9960711002349854,8.527824401855469,0.88031405210495,8.476421356201172,0.8909143805503845,8.284276962280273,-2.329286813735962,7.803673267364502,0.9309872984886169,7.549900054931641,-4.198321342468262,7.6161208152771,4.229506969451904,7.630622386932373,0.32855552434921265,8.444405555725098,4.447803497314453,8.720945358276367,-1.4300602674484253,7.931127071380615,4.844237264478579e-05,6.866786134196445e-05,6.903390749357641e-05,6.93567781127058e-05,6.94060290697962e-05,6.910778029123321e-05,6.860491703264415e-05,6.815842789364979e-05,6.798100366722792e-05,6.810536433476955e-05,6.835702515672892e-05,6.847312033642083e-05,6.82638565194793e-05,6.773763743694872e-05,6.70966983307153e-05,6.660288636339828e-05,6.6415908804629e-05,6.648739508818835e-05,6.659799691988155e-05,6.648775888606906e-05,0.4094550907611847,0.3293527364730835,0.3279729187488556,0.27031195163726807,0.34652841091156006,0.30177924036979675,0.359935998916626,0.2870781421661377,0.3900202512741089,0.31571128964424133,0.39751386642456055,0.31653907895088196,0.3624100685119629,0.2732383906841278,0.4271775186061859,0.31800922751426697,0.41967126727104187,0.3096615970134735,0.40291112661361694,0.30280861258506775,0.38401535153388977,0.2966841459274292,0.39058932662010193,0.29523608088493347,7,G,147.65625,579,0.4054051424491365,0.012529463469715724,0.8475283446712019,235.1717006802721,-15.23780397506711,rb_playlist_02_Bruno Mars & Anderson .Paak & Silk Sonic-Leave The Door Open.flac
E6A98A1C67AC4D9FA1E7437524,283.9877551020408,44100,1,12523860,0.15228958427906036,0.08275582641363144,0.4448682963848114,3.7725610582128866e-06,0.05066247834563182,0.0365863551883748,0.392578125,376230.03125,55.754534586402336,2547.525053030902,1290.194054001637,3408.9852149514904,1035.0152440761508,5576.626003909923,3727.234852118099,0.00010926226241281256,0.00074869574746117,16.46730172224376,5.405880394870033,11.12046187611491,3.707348491758966,17.76135497363103,4.384958052579166,20.586248726556835,5.042353392931474,20.154126145888412,5.3257386019459965,29.057164441699097,10.785431034296785,49.165170857556305,7.610657354446503,-179.560302734375,69.5528564453125,149.71937561035156,33.942928314208984,2.1668174266815186,27.62085723876953,20.438108444213867,21.41593360900879,4.094151020050049,18.8955135345459,20.961130142211914,15.521186828613281,-23.919675827026367,16.778623580932617,17.33942222595215,16.12923812866211,-13.511250495910645,13.588902473449707,2.5859265327453613,11.677458763122559,-5.059423446655273,10.671168327331543,-3.398906707763672,9.583012580871582,0.286880761384964,10.067819595336914,-3.8926665782928467,8.075309753417969,-2.7415931224823,8.127872467041016,-4.812560081481934,7.914012432098389,-0.1401859074831009,8.432889938354492,-8.584308624267578,9.776607513427734,4.02756404876709,8.615021705627441,-5.682985782623291,8.721468925476074,2.024857167270966e-06,2.728504341575899e-06,2.3504810542362975e-06,1.7505407186035882e-06,9.87710450317536e-07,1.209393616363741e-07,-7.680546332267113e-07,-1.6027779565774836e-06,-2.309817091372679e-06,-2.8294041385379387e-06,-3.1035644951771246e-06,-3.1083209250937216e-06,-2.8359538646327564e-06,-2.3021559627522947e-06,-1.5442576568602817e-06,-6.201553901519219e-07,3.947488949052058e-07,1.4184253132043523e-06,2.3659590624447446e-06,3.15190891342354e-06,0.3419051170349121,0.2528890371322632,0.45978426933288574,0.3416074812412262,0.3498949110507965,0.2717745304107666,0.3134649395942688,0.27594202756881714,0.3508949875831604,0.30940330028533936,0.3445602059364319,0.2835831940174103,0.4491565525531769,0.33271607756614685,0.38598644733428955,0.26932355761528015,0.49201101064682007,0.33546605706214905,0.46347397565841675,0.32888326048851013,0.3266839385032654,0.24293391406536102,0.3629533350467682,0.33325278759002686,8,G#,84.72079918032787,390,0.710178432984162,0.019934291395060387,0.2438095238095238,276.5032199546485,-15.663830541405426,rb_playlist_09_Bobby Caldwell-What You Won't Do For Love.flac
A1AD6E948D2149EC940866F9D3,289.0,44100,1,12744900,0.2400367110967636,0.1226729154586792,0.6917511820793152,0.0,0.04603254664338368,0.04365569155722851,0.37890625,926147.4375,59.66680129441862,2522.297937065384,1445.0358816390271,3214.3281938875416,924.7461288354141,5541.217281056673,3326.364293023382,0.0009703867835924029,0.02630509063601494,18.727645538789133,5.856607860081358,9.91824611125821,3.8857422943606585,17.812895843497504,4.738777621523552,19.68315961571137,5.617533542531772,19.53335930908329,5.793420974240042,24.719804893709597,10.704033238402506,48.83790480438381,8.670587117774758,-150.75413513183594,80.8671875,130.84376525878906,33.492889404296875,1.3165963888168335,30.176610946655273,48.421871185302734,23.389719009399414,0.5312795639038086,23.500436782836914,30.738054275512695,16.86794662475586,-4.084985256195068,16.037799835205078,20.46314811706543,16.71493148803711,4.685153007507324,13.819103240966797,-0.3625562787055969,13.610013961791992,-0.8708566427230835,12.5333833694458,0.8963375091552734,11.463998794555664,-2.112560749053955,10.8403959274292,-4.124756813049316,9.49840259552002,1.6907978057861328,8.928841590881348,-3.1386289596557617,9.34941291809082,2.2424824237823486,8.744431495666504,0.10638057440519333,9.006994247436523,1.5772454738616943,9.839456558227539,-2.4610519409179688,9.874032020568848,-2.5217796064680442e-05,-3.5651242797030136e-05,-3.564159123925492e-05,-3.562971323844977e-05,-3.5607761674327776e-05,-3.558374010026455e-05,-3.555726652848534e-05,-3.552259659045376e-05,-3.5481796658132225e-05,-3.5435976315056905e-05,-3.5384829971008e-05,-3.532859045662917e-05,-3.52681745425798e-05,-3.520003883750178e-05,-3.5127803130308166e-05,-3.50502050423529e-05,-3.496722274576314e-05,-3.487987123662606e-05,-3.4786335163516924e-05,-3.468720751698129e-05,0.6891708374023438,0.30136021971702576,0.5909669995307922,0.26014789938926697,0.5311716794967651,0.2788768410682678,0.5071168541908264,0.2630389332771301,0.5361858010292053,0.2562389671802521,0.5813870429992676,0.28749218583106995,0.47246915102005005,0.2398335039615631,0.5217785239219666,0.292917937040329,0.49737608432769775,0.26266783475875854,0.5074025392532349,0.2823466360569,0.5125851631164551,0.2597816586494446,0.5718265771865845,0.24643641710281372,0,C,166.70866935483872,795,0.3569702473768685,0.008505221261104846,0.7082086167800453,284.1425850340136,-12.978613964207712,rb_playlist_03_Nelly & Kelly Rowland-Dilemma.flac
3C6219AB60A24F5B8F101AF353,244.64308390022677,44100,1,10788760,0.16343854367733002,0.10274279117584229,0.5480161309242249,0.0,0.06747955577158077,0.05089706078773124,0.53564453125,402081.6875,56.04314293946472,3175.091550723782,1378.340786852801,3755.537923158524,940.7886301852828,7051.033669995284,3056.8395585006565,0.02470681257545948,0.14980462193489075,18.05762885840353,6.170550961596347,12.0184149917944,4.85543621517384,16.909423889171702,4.928622816166294,19.260328485424743,5.168545698370802,19.340788132680395,4.7928335086875204,20.90960311895573,6.773607999419962,51.150780482599906,10.157781011148519,-146.3900146484375,126.20691680908203,118.16191864013672,34.58864974975586,-10.102612495422363,24.321088790893555,22.883329391479492,19.601858139038086,-9.7738618850708,14.101127624511719,23.074277877807617,15.217798233032227,-17.118173599243164,15.365489959716797,11.697803497314453,14.672456741333008,-7.24824333190918,9.153680801391602,-0.5742993950843811,13.521646499633789,-4.319246768951416,9.034073829650879,6.820216178894043,10.931218147277832,-7.930502414703369,9.556297302246094,1.533352255821228,9.091586112976074,-2.127162456512451,8.43333911895752,0.9398345351219177,9.594477653503418,-4.28223991394043,8.263591766357422,2.162858009338379,8.648787498474121,0.25885334610939026,8.380414009094238,-0.9070430397987366,9.820058822631836,-1.4482525179104755e-09,-1.4482525179104755e-09,4.525789187859175e-10,1.9913473092714185e-09,3.6206312947761887e-10,-9.051578236940472e-11,-2.2628945939295875e-10,-2.7154736792489587e-10,-4.525789187859175e-10,2.7154736792489587e-10,3.2811972583424165e-10,-9.051578236940472e-11,0.0,6.336104974025147e-10,6.788684198122397e-11,-3.1680524870125737e-10,1.1314472969647937e-10,-1.8103156473880944e-10,9.956736546357092e-10,9.956736546357092e-10,0.4024321734905243,0.3199296295642853,0.3352273106575012,0.25658419728279114,0.39592528343200684,0.34034764766693115,0.32445502281188965,0.2676837742328644,0.40759962797164917,0.3146830201148987,0.4780702590942383,0.35083362460136414,0.3811649978160858,0.2606547772884369,0.4391077160835266,0.3600635230541229,0.3287239670753479,0.25373053550720215,0.3498721122741699,0.3147188127040863,0.27576443552970886,0.25862032175064087,0.3023532032966614,0.2647256553173065,5,F,156.60511363636363,615,0.3845663172978203,0.014672075174323103,0.8475283446712019,236.97124716553287,-14.118594514634054,cantonese_playlist_10_G.E.M邓紫棋-喜欢你.flac
594E0C4719E34D6A98B438C503,208.0,44100,1,9172800,0.1730014681816101,0.08717626333236694,0.42367929220199585,6.419274541258346e-06,0.06100193372020819,0.07274331102514034,0.80859375,344255.03125,55.36880296142164,2792.910619945903,1602.5308367859075,3417.8385313497392,901.7057664239798,5970.742812159871,3143.6266137066623,0.0013740404974669218,0.008021705783903599,20.047415144002805,6.745551527546143,11.676308386165415,3.87842332550149,16.612029709479206,4.434967765891174,18.891018933299762,4.356447733242282,18.581276663252382,3.707724376387235,20.909334732087846,4.968343544374786,51.576646368897336,7.453047747116288,-147.6351318359375,108.15079498291016,139.5289764404297,37.869354248046875,-7.534911155700684,24.4572811126709,32.86786651611328,22.813369750976562,-9.545114517211914,14.145444869995117,21.2338809967041,12.46102523803711,-13.720111846923828,12.946739196777344,15.134392738342285,12.175980567932129,-4.933555603027344,8.978689193725586,-0.6449151635169983,10.274129867553711,-0.5646560788154602,9.798179626464844,0.9238308668136597,9.892102241516113,-7.614257335662842,9.472477912902832,-0.4974527359008789,8.615079879760742,-6.558841705322266,8.417320251464844,-2.6967411041259766,9.072534561157227,-6.295877933502197,8.241403579711914,-4.0485005378723145,9.314023971557617,-5.05454683303833,7.812121868133545,-1.7815546989440918,7.9329071044921875,1.703370111627578e-09,0.0,-5.323031460058303e-10,-8.51685055813789e-10,2.6615157300291514e-10,1.2775275282095322e-09,9.581456739127248e-10,8.51685055813789e-10,-2.6615157994180905e-11,0.0,4.258425279068945e-10,8.51685055813789e-10,-6.653789186295e-10,-1.0646063197672362e-10,-4.790728369563624e-10,2.1292126395344724e-10,5.323031460058303e-10,-6.91994073154234e-10,-2.927667275276491e-10,-4.790728369563624e-10,0.42417606711387634,0.32104989886283875,0.3692806363105774,0.30206596851348877,0.3498927354812622,0.2682522237300873,0.4076748788356781,0.31323960423469543,0.4256216287612915,0.3221680521965027,0.35292619466781616,0.2618215084075928,0.44648095965385437,0.33214783668518066,0.4247554540634155,0.3048638701438904,0.3728727102279663,0.30860018730163574,0.31883925199508667,0.2683026194572449,0.370835542678833,0.28945213556289673,0.4457148313522339,0.3246443569660187,6,F#,151.99908088235293,483,0.39452244521598406,0.02355969823659803,0.5456689342403628,190.70548752834466,-13.996522688742617,cantonese_playlist_06_Twins-下一站天后.flac
9C454BAFCD9A4DF7BC15CC9031,202.0,44100,1,8908200,0.18802160024642944,0.13420948386192322,0.6532357335090637,0.0,0.05019786068883269,0.047708070566020166,0.4365234375,475393.90625,56.77053610503308,2558.2961283102745,1352.3212256737952,3180.3690215544225,991.8046080103688,5544.151915048099,3131.9112902201778,0.0010643287096172571,0.028473831713199615,23.098624040499526,8.80354677301046,13.132400746938341,5.095764999429538,17.91328764624911,4.9932292705803585,19.288854369876805,5.881131932414038,18.49405859652686,5.091539996307956,21.766771319437485,7.23287448162451,46.943373270446074,9.669280881423122,-188.49673461914062,117.71856689453125,124.10888671875,41.42993927001953,3.7908060550689697,27.96342658996582,35.80023193359375,27.100542068481445,-14.41384220123291,22.247224807739258,16.342369079589844,16.098068237304688,-19.636676788330078,14.491155624389648,-4.138155460357666,18.7076416015625,-19.893020629882812,13.756199836730957,-1.157806158065796,14.186525344848633,-9.058877944946289,11.153097152709961,-4.555224895477295,11.854634284973145,-2.6187894344329834,8.943604469299316,-5.855975151062012,8.824714660644531,-5.5802388191223145,8.902204513549805,-8.09557056427002,8.829384803771973,-1.8128970861434937,8.811325073242188,-6.582568645477295,8.99238395690918,-0.9973512291908264,10.197916030883789,-9.23401165008545,9.854422569274902,0.030303578823804855,0.012496000155806541,-0.005441224202513695,0.004193964879959822,0.0008620774024166167,0.000295332632958889,-0.0007915194728411734,-0.0010959483915939927,-0.00021960967569611967,-0.00045530436909757555,-0.00031044616480357945,-0.00038195360684767365,-0.00037569666164927185,-0.001305123558267951,-0.0010407189838588238,-0.0006322000408545136,-0.0009401539573445916,-0.000899306614883244,-0.00046127630048431456,-0.00045135317486710846,0.3138267695903778,0.34287697076797485,0.24336227774620056,0.23287083208560944,0.31053590774536133,0.2767373323440552,0.39292022585868835,0.3372972309589386,0.34755536913871765,0.26564091444015503,0.43411117792129517,0.37118086218833923,0.36724749207496643,0.26961684226989746,0.45071086287498474,0.3732564151287079,0.36146435141563416,0.3180566728115082,0.26731380820274353,0.252193421125412,0.3110256791114807,0.33084583282470703,0.26059800386428833,0.25172269344329834,7,G,87.5926906779661,276,0.684313172541744,0.05473872491602479,13.769433106575963,201.95555555555555,-12.704157635333008,rb_playlist_05_Lauv-Paris in the Rain.flac
448A140A77354AAC9458496B10,201.0,44100,1,8864100,0.11450041085481644,0.07307687401771545,0.29968199133872986,0.0,0.09468984199012302,0.07238358029529407,0.447265625,163553.0,52.13658514657861,4061.6555291738096,1625.6763630469752,3863.4783500038707,745.7813025944799,8662.753016158378,2643.4064683165784,0.004742176737636328,0.06653858721256256,17.886230335945285,6.064214225055343,13.187322515565922,4.78137919177346,17.11943604304029,4.823819757581771,20.712739467124873,6.461647588953022,23.306827749051195,7.2690302908054765,28.6912871335851,11.62825542707516,54.79199472780699,7.7267348969767875,-207.5565643310547,94.5442886352539,101.5156478881836,35.805946350097656,-11.098844528198242,27.966279983520508,44.98846435546875,26.65117073059082,-27.941865921020508,24.02310562133789,37.98166275024414,19.220951080322266,-23.62819480895996,18.204147338867188,15.960053443908691,15.986154556274414,-4.009792804718018,15.894308090209961,-6.731271743774414,18.213781356811523,6.869503974914551,15.739545822143555,0.5420055389404297,13.539224624633789,-9.404336929321289,14.576264381408691,-2.397289514541626,11.549912452697754,4.968960762023926,10.556098937988281,-6.624764919281006,11.844169616699219,2.2585315704345703,10.948785781860352,-3.5733354091644287,10.811182975769043,-0.05825797840952873,10.480110168457031,-5.587672710418701,10.9901762008667,0.013666772283613682,0.0114827211946249,0.0017531894845888019,-0.00020142804714851081,0.0016871970146894455,0.001523254089988768,-0.001024991855956614,-0.0019666736479848623,-0.0006876993575133383,0.0003085709467995912,-0.00022741223801858723,-0.000883176748175174,-0.0004585831193253398,0.0001306275516981259,-0.0002060167898889631,-0.0007945412071421742,-0.0007564959232695401,-0.00041604283615015447,-0.0003255498013459146,-0.0005751786520704627,0.5738378167152405,0.34812936186790466,0.5151628255844116,0.3032726049423218,0.5498914122581482,0.35134753584861755,0.48793357610702515,0.3204009532928467,0.4563031494617462,0.3413489758968353,0.3804544508457184,0.3040006756782532,0.3245721757411957,0.25497156381607056,0.38651975989341736,0.3139078915119171,0.33841776847839355,0.26290518045425415,0.3655363619327545,0.29722538590431213,0.34779125452041626,0.27104419469833374,0.4468935430049896,0.29650750756263733,0,C,139.6748310810811,467,0.4283483693906748,0.008535075270499626,0.9287981859410431,200.53913832199547,-18.65101162405005,rb_playlist_07_Mariah Carey-We Belong Together.flac
1C8E3363E3FF4BFBA5189ABCB7,211.0,44100,1,9305100,0.1604878306388855,0.07543634623289108,0.36512893438339233,1.2344622518867254e-05,0.06599668479195324,0.0825258290444264,0.748046875,292633.0625,54.66323392363883,2991.8607611472435,1808.7533516836318,3615.927245465224,924.7489384497998,6162.81695162053,3495.6529770013026,0.0016644266434013844,0.006198700051754713,15.142050216622856,5.128326872556024,11.715269644386971,4.388913105540038,16.781878134462964,4.2246689847920615,19.14479971093097,4.40751297355974,19.092662084782088,3.995668103329945,21.17742978603562,5.670385648297537,51.69205562849147,6.650003776790713,-146.62493896484375,97.21540069580078,141.88853454589844,38.502986907958984,-10.538796424865723,19.798267364501953,27.142492294311523,20.986404418945312,-4.436704635620117,13.693563461303711,18.13328742980957,13.136394500732422,-12.625795364379883,10.903712272644043,15.388765335083008,14.039933204650879,-13.143303871154785,9.215865135192871,-4.315184593200684,12.551198959350586,-5.646617889404297,10.706974983215332,-1.1713019609451294,10.307109832763672,-6.1247148513793945,8.067963600158691,1.5964574813842773,8.983267784118652,-7.079751014709473,9.038368225097656,2.589827299118042,8.26826286315918,-3.4135005474090576,8.153958320617676,2.433759927749634,8.429093360900879,-5.827287673950195,7.938748359680176,0.018847843632102013,8.314579010009766,1.6790964174617784e-09,4.197741043654446e-10,0.0,-2.3087576295210965e-09,-2.623588291061907e-10,6.296611565481669e-10,2.098870521827223e-10,4.197741043654446e-10,-9.444917070666747e-10,-7.346047103951037e-10,6.296611565481669e-10,-1.3117941455309534e-10,3.1483057827408345e-10,1.7840400268198664e-09,-3.6730235519755183e-10,-3.1483057827408345e-10,1.5741528913704173e-10,2.098870521827223e-10,-4.722458535333374e-10,5.247176582123814e-10,0.39175137877464294,0.34431368112564087,0.30946749448776245,0.2562251389026642,0.35933566093444824,0.32705289125442505,0.3414612412452698,0.24679093062877655,0.4751375615596771,0.35288625955581665,0.4398753046989441,0.3379608988761902,0.2922356426715851,0.22287732362747192,0.383384108543396,0.3396119177341461,0.31131511926651,0.2396862953901291,0.3375372588634491,0.31892597675323486,0.25718387961387634,0.2291502207517624,0.2861444652080536,0.25560423731803894,4,E,126.04801829268293,416,0.4749739638827419,0.027055495467809648,0.603718820861678,197.71791383219954,-14.999544155358953,cantonese_playlist_02_谢安琪-喜帖街.flac
6878BDAC7CD149C6A0AFA5ADD5,259.0,44100,1,11421900,0.21214263141155243,0.10987357795238495,0.4984750747680664,0.0,0.049146911875532294,0.0561780770774442,0.748046875,651942.0625,58.142090020899396,2472.089430565352,1492.7780495477068,3340.499670864474,1065.1756471020303,5066.421295252197,3283.804990649066,0.0023128697648644447,0.03350678086280823,18.678989222912683,5.712362349197904,11.156781779414892,3.9586704634477687,18.190947123455476,4.39839121672398,20.047968561923174,4.5725331333625,19.024472412896174,4.175969294488444,19.995194979975466,4.84870497474386,49.084899519538254,7.684151418901913,-143.24554443359375,103.27955627441406,147.71295166015625,37.156494140625,1.2786904573440552,20.68531608581543,27.644458770751953,18.60447120666504,-1.155106544494629,15.916479110717773,16.352855682373047,11.860851287841797,-13.200201988220215,9.145570755004883,4.515322208404541,11.412525177001953,-8.714557647705078,9.602177619934082,0.8638311624526978,10.973878860473633,-10.88597297668457,8.702787399291992,1.0764951705932617,10.281375885009766,-5.999410152435303,8.846146583557129,-1.4184504747390747,9.322172164916992,-5.019140243530273,8.13330078125,1.7939400672912598,8.433145523071289,-5.317028045654297,7.314568042755127,1.7433568239212036,7.826711177825928,-4.054447650909424,7.469532489776611,-1.7489280700683594,7.647616863250732,1.3679491983609182e-09,-1.3679491983609182e-09,-8.977166232604361e-10,5.129809355075565e-10,5.129809355075565e-10,1.7099364979511478e-10,2.5649046775377826e-10,-1.7099364979511478e-10,1.2824523387688913e-10,-6.412261693844457e-11,4.702325195893309e-10,8.12219846935136e-10,6.19851947547545e-10,1.2824523387688913e-10,-8.549682073422105e-10,-4.916067553040193e-10,1.025961871015113e-09,0.0,-4.4885831163021805e-10,-5.984777673440078e-10,0.4100826680660248,0.3474757969379425,0.3443610370159149,0.24995805323123932,0.4389447271823883,0.35193321108818054,0.3565697968006134,0.2939905524253845,0.3008900582790375,0.23864226043224335,0.4320704936981201,0.3529141843318939,0.30306416749954224,0.22285790741443634,0.2845931351184845,0.29372066259384155,0.26254749298095703,0.23414413630962372,0.34573960304260254,0.2808972895145416,0.4534168839454651,0.3464156687259674,0.3516278862953186,0.24098354578018188,10,A#,101.33272058823529,385,0.5945275888133031,0.033969380840510426,16.01015873015873,244.30875283446713,-12.246170155771544,cantonese_playlist_03_梁汉文-七友.flac
7968BA9684454DD4B1B179643E,224.0,44100,1,9878400,0.16713522374629974,0.10761869698762894,0.5314969420433044,0.0,0.04186438505817871,0.042801006009084,0.78564453125,390359.5,55.91464753054809,2226.598917316629,1266.910564438558,3238.0132839333032,969.3614216360749,4444.664506189586,3105.680313387144,0.0029760587494820356,0.04257846996188164,16.333724161017305,5.640171719349441,12.140979358128478,4.132751380713461,17.38963000081387,4.405330092187143,20.063072987797508,4.6238864520837,19.292097578928196,4.048732363846014,22.579634344279036,5.941308033325171,48.68935843196626,6.506072536447933,-185.6433563232422,99.0052719116211,151.27059936523438,37.98185729980469,0.9681705832481384,19.019615173339844,22.387792587280273,19.67619514465332,-0.5275775790214539,14.992439270019531,10.859580993652344,15.096502304077148,-10.085735321044922,11.574100494384766,12.326630592346191,13.260611534118652,-6.17002010345459,9.376221656799316,-1.2935631275177002,10.44294261932373,-5.818934440612793,8.923229217529297,1.4399908781051636,9.688820838928223,-7.594939708709717,8.315840721130371,-2.6888535022735596,8.754278182983398,-1.4125654697418213,8.811565399169922,-2.115126848220825,7.800907611846924,-5.9193034172058105,7.68760871887207,-1.8886675834655762,8.068842887878418,-2.1551647186279297,8.239949226379395,-6.796165466308594,7.6537017822265625,-1.5817134269013877e-09,0.0,-1.0874279254835528e-09,-1.3839992485387143e-09,5.684282489148984e-10,3.9542835672534693e-10,1.2357136147667092e-10,2.965712675440102e-10,4.9428544590668366e-11,8.402852302857866e-10,-1.9771417836267347e-10,6.919996242693571e-10,-4.942854459066837e-10,-1.7299990606733928e-10,-1.5817134269013877e-09,9.885708918133673e-11,9.63856550129094e-10,2.4714272295334183e-11,-6.425710519231131e-10,-6.672853380962351e-10,0.41636568307876587,0.3470083177089691,0.3859931230545044,0.3184566795825958,0.414235919713974,0.2618270218372345,0.5218448638916016,0.37136486172676086,0.33676889538764954,0.2531663775444031,0.261802077293396,0.2740990221500397,0.24587540328502655,0.22548431158065796,0.3449265658855438,0.29643014073371887,0.411265105009079,0.33070650696754456,0.3381734788417816,0.26582661271095276,0.3811147212982178,0.3265097439289093,0.3398990333080292,0.2658504247665405,3,D#,132.51201923076923,471,0.4480957205577266,0.01994576281751572,0.9636281179138322,211.56861678004535,-14.018613381498936,cantonese_playlist_09_古巨基-爱与诚.flac
2446DC352B064D65AD61142249,249.0,44100,1,10980900,0.15760581195354462,0.09442713111639023,0.44522398710250854,2.2469221221399494e-05,0.06050509972520748,0.05342911937448598,0.43017578125,370688.09375,55.69008637009559,2776.7117372616767,1417.2065906899572,3389.760429730957,1027.8790719124634,5971.459020709244,3190.6821726995586,0.0008823663229122758,0.0042200940661132336,18.089822158341573,5.997910465318552,11.101308013391732,4.009600368563769,17.03126969812517,4.199319673233099,18.69966860720794,4.441662966757204,18.467864139691684,3.783808870471786,20.87700493390768,4.935922317959796,51.52892845079787,7.652661593897352,-156.41571044921875,97.74427795410156,144.78343200683594,35.14215850830078,-10.976678848266602,22.420833587646484,26.996301651000977,21.73447036743164,-3.1584880352020264,17.92656135559082,23.89495086669922,14.155698776245117,-15.68043041229248,14.886870384216309,8.382782936096191,13.564117431640625,-3.5747122764587402,10.044113159179688,-1.396925449371338,10.74919319152832,-2.1284074783325195,9.329487800598145,-0.6596531867980957,10.61012077331543,-7.607325077056885,9.180291175842285,-0.9931292533874512,9.389927864074707,-4.5719075202941895,8.048958778381348,-2.2584078311920166,9.924158096313477,-0.05874650925397873,8.636831283569336,-1.0633962154388428,9.584908485412598,-2.9746172428131104,8.162152290344238,0.633473813533783,8.988812446594238,-1.378754859615583e-06,-7.756028935546055e-06,-2.620976920297835e-05,-5.333559602149762e-05,-7.244003063533455e-05,-6.494758417829871e-05,-3.1240480893757194e-05,6.218891940079629e-06,2.5096645913436078e-05,2.466898695274722e-05,2.0656822016462684e-05,2.2051895939512178e-05,2.0410621800692752e-05,3.1394595225719968e-06,-2.9242959499242716e-05,-6.352707714540884e-05,-8.747693937039003e-05,-9.721292735775933e-05,-9.30318929022178e-05,-7.633516361238435e-05,0.42821040749549866,0.3276282846927643,0.3727656304836273,0.27154770493507385,0.39166685938835144,0.3216664493083954,0.3419158458709717,0.2731109857559204,0.3656226098537445,0.2920723259449005,0.4376220107078552,0.33441582322120667,0.3566441237926483,0.25315332412719727,0.4254117012023926,0.3393040895462036,0.378465473651886,0.2724255919456482,0.40431901812553406,0.3071828782558441,0.3920290172100067,0.3023984134197235,0.3748658299446106,0.2762143611907959,5,F,126.04801829268293,477,0.4762529773814288,0.03180320206372893,9.276371882086167,235.97278911564626,-14.362831860809456,cantonese_playlist_04_容祖儿-心淡.flac
87A69E31F3DC48429BEB755F06,249.0,44100,1,10980900,0.26220670342445374,0.09076301008462906,0.48789435625076294,0.0,0.05550670517064528,0.04829765827562958,0.44482421875,845458.5625,59.270923268733256,2933.8912792784545,1405.5688966688433,3548.734213124917,765.6796813692674,6456.764288919713,3056.2470347290164,0.003132451558485627,0.05457562208175659,16.86477351623334,4.889337372993559,12.656165313305182,3.9984670155691164,16.78172097432047,4.312532539422301,19.759922611994487,5.354264733260593,20.137126040623627,5.846689394348624,25.994069365241284,10.322770847459772,52.90443456330861,7.216215960131262,-114.73517608642578,70.7236328125,134.8233642578125,30.06052589416504,-9.865821838378906,24.65530776977539,42.807472229003906,22.005964279174805,-11.955728530883789,19.379117965698242,36.61522674560547,14.323770523071289,-20.592111587524414,13.748611450195312,23.75673484802246,11.057580947875977,-1.2989071607589722,10.730817794799805,5.175511837005615,11.94859790802002,-1.753788948059082,9.494535446166992,8.901179313659668,10.561373710632324,2.6553170680999756,9.929040908813477,-3.8255465030670166,10.275599479675293,7.380856990814209,9.714370727539062,-2.876988649368286,7.920875072479248,4.245399475097656,8.795193672180176,-3.967165231704712,8.509686470031738,3.3772408962249756,8.820412635803223,-2.85119891166687,9.518491744995117,-0.00010365561320213601,-0.0001405497605446726,-0.0001230999332619831,-9.62504927883856e-05,-6.306451541604474e-05,-2.731738095462788e-05,6.9887501012999564e-06,3.607599501265213e-05,5.6841978221200407e-05,6.722990656271577e-05,6.644857057835907e-05,5.504565706360154e-05,3.482734246063046e-05,8.616306331532542e-06,-2.010986463574227e-05,-4.764316327054985e-05,-7.049588748486713e-05,-8.581337169744074e-05,-9.169742406811565e-05,-8.741235797060654e-05,0.5346420407295227,0.3234521746635437,0.5162740349769592,0.3314868211746216,0.42550140619277954,0.27789703011512756,0.4487440884113312,0.3266731798648834,0.41557615995407104,0.2768517732620239,0.44598841667175293,0.3164372444152832,0.34785130620002747,0.2500121295452118,0.3878660202026367,0.26191994547843933,0.47872233390808105,0.31719839572906494,0.4047057032585144,0.26160281896591187,0.4385657012462616,0.3101710081100464,0.42876866459846497,0.27516770362854004,0,C,101.33272058823529,408,0.5882578682578682,0.014809339317669043,0.9520181405895691,240.37297052154196,-12.499656519229724,rb_playlist_01_Whitney Houston-Call You Tonight.flac
C2AEFEEB56B0454F9AE069B899,232.0,44100,1,10231200,0.16403482854366302,0.08943276852369308,0.3958788514137268,0.0,0.05232240373067107,0.07564412671755137,0.7412109375,357130.09375,55.528264477813934,2445.2187293843185,1650.4829259410028,3268.9130998869578,1103.6612089441478,4920.251246762873,3554.134195984062,0.0037448774091899395,0.04075126722455025,15.907820628839591,5.143609208029777,12.81316303003019,4.4161450815178025,16.844693315636377,4.353143682979971,19.663741719794963,4.462091485763977,19.582994692744972,4.330924907198577,21.021225133807846,5.000547936247983,49.504573031874024,7.358367048032176,-171.7224578857422,105.07547760009766,153.0445556640625,42.43757629394531,-4.975037574768066,23.622453689575195,20.981168746948242,22.226579666137695,-0.4343357980251312,14.970932006835938,16.856475830078125,13.87956428527832,-12.987884521484375,12.818217277526855,8.403785705566406,12.608010292053223,-5.593949794769287,9.873090744018555,5.432539463043213,10.728145599365234,-6.126865386962891,9.164684295654297,0.6133963465690613,9.865398406982422,-7.244153022766113,8.498946189880371,1.6870954036712646,8.738533973693848,-1.9114532470703125,7.7718505859375,-0.532452404499054,8.045393943786621,-6.825247764587402,7.905043601989746,-1.6718355417251587,7.968292236328125,-3.275343418121338,7.960822582244873,-1.7447787523269653,7.578659534454346,1.5271770514857508e-09,-5.345119458155523e-09,2.0998682792594536e-09,6.681399322694404e-10,-1.0499341396297268e-09,1.5271770514857508e-09,-3.817942628714377e-10,8.113127947240173e-10,-2.3862140041686075e-10,-3.340699661347202e-10,6.681399322694404e-10,-6.323467305335839e-10,6.442777977788694e-10,-7.158642012505823e-10,1.3124176745371585e-10,4.295185318525796e-10,-2.8634569715357827e-10,3.5793210062529113e-10,3.817942628714377e-10,4.772428008337215e-10,0.3986040949821472,0.30614525079727173,0.41749805212020874,0.27668413519859314,0.5354748964309692,0.36303219199180603,0.38146916031837463,0.25042054057121277,0.3440082371234894,0.3024504780769348,0.2988438308238983,0.25191983580589294,0.38307446241378784,0.2976519465446472,0.43356212973594666,0.33222153782844543,0.3457135856151581,0.2617432475090027,0.39237838983535767,0.31828850507736206,0.36498817801475525,0.2673671543598175,0.4388946294784546,0.309079110622406,2,D,135.99917763157896,504,0.43794773310251867,0.020202362024308057,0.592108843537415,220.8798185941043,-14.701538212391865,cantonese_playlist_01_古巨基-必杀技.flac
F7E5F56ECCCC479589A26A2A10,220.0,44100,1,9702000,0.21039655804634094,0.11170095205307007,0.5611321926116943,2.518464043532731e-06,0.04630341461906332,0.0391975211053617,0.44091796875,550552.0,57.40798344645683,2650.177872959224,1270.4954230044862,3401.19688107029,955.3541252999441,6218.379988456464,3333.481062476705,0.00019132789748255163,0.0018026359612122178,19.18314489221192,6.966137132934692,12.170403780943834,4.532336441759225,17.886152443705484,5.322193152769423,19.920993937618466,6.153072755090491,22.559683427208675,7.32834527171535,27.481786634274272,11.323822689511724,49.05514409071226,9.389310834629486,-161.79983520507812,80.98833465576172,134.99317932128906,32.43706512451172,-1.8032358884811401,27.776357650756836,30.078357696533203,22.706172943115234,-6.5515522956848145,23.136659622192383,27.063663482666016,17.161958694458008,-16.987476348876953,17.72246551513672,21.19438362121582,17.08260154724121,-15.650091171264648,12.743108749389648,5.050079822540283,12.996393203735352,12.806008338928223,13.734094619750977,-6.191036701202393,12.374710083007812,3.141949415206909,11.120162963867188,-4.645291805267334,10.8525390625,2.1718244552612305,12.167743682861328,-1.9599888324737549,10.423727035522461,-0.9449530243873596,10.483880996704102,-4.3523783683776855,10.044255256652832,-1.5458632707595825,10.343111038208008,-2.3958630561828613,10.23679256439209,-0.010312269441783428,-0.009245743975043297,-0.0017871102318167686,-6.133831629995257e-05,-0.0011990503408014774,-0.0012954113772138953,0.00042442895937711,0.0014685397036373615,0.000765316013712436,-0.00014877395005896688,0.00013721476716455072,0.0007581934332847595,0.00039759158971719444,-0.0002627951034810394,-5.087777026346885e-05,0.0006200492498464882,0.00069212302332744,0.0002585750771686435,8.041221008170396e-05,0.0004439920012373477,0.504393458366394,0.37434810400009155,0.4571766257286072,0.3055499792098999,0.521381139755249,0.3509688973426819,0.46978896856307983,0.2939702272415161,0.48608675599098206,0.35388854146003723,0.3845570683479309,0.3036459684371948,0.3070787787437439,0.25425609946250916,0.39861151576042175,0.3279578983783722,0.3428598940372467,0.26839593052864075,0.37455856800079346,0.31946659088134766,0.3455842435359955,0.28085246682167053,0.39953452348709106,0.31180694699287415,2,D,147.65625,517,0.408171702789643,0.01798526355645722,1.9736961451247166,212.5902947845805,-13.950228933899426,rb_playlist_08_Kiana Ledé-EX.flac
2996876392774F67887DA90C3E,280.0,44100,1,12348000,0.1701768934726715,0.08802391588687897,0.4396935999393463,0.0,0.04013373051248031,0.02955305538870594,0.4970703125,453290.4375,56.56376557389181,1731.1461382533535,1087.5251256391368,2147.5968322212498,1161.569859539212,3689.28285214881,2558.9925698206207,0.011332151480019093,0.10393570363521576,20.795761652110794,5.9416266382429885,12.356550226933015,6.153371611370717,18.02656920968521,5.553391179504216,19.20978379269995,6.0543182760256995,21.65087253547115,6.721115427261515,23.902675692213638,10.377416718857855,44.47078057072615,12.46198036323309,-200.65524291992188,122.23979949951172,166.16493225097656,39.66767501831055,-12.948847770690918,34.43096923828125,36.551029205322266,35.38038635253906,8.267191886901855,21.583816528320312,11.529531478881836,17.115657806396484,-8.73944091796875,14.418097496032715,-1.3131465911865234,14.265692710876465,-4.390553951263428,13.793334007263184,-4.898677825927734,14.415249824523926,-11.401471138000488,11.073074340820312,-6.5586347579956055,11.703375816345215,-9.0324068069458,10.076549530029297,-3.0964722633361816,9.601909637451172,-2.711421012878418,9.59218692779541,-7.4905242919921875,9.700302124023438,-10.000198364257812,10.147846221923828,-6.237340927124023,9.620617866516113,-2.4056174755096436,9.648204803466797,-6.58616304397583,9.733713150024414,0.0009515535784885287,0.0012832642532885075,0.0011066215811297297,0.0008449785527773201,0.0005388703430071473,0.0002309773990418762,-4.207120218779892e-05,-0.00025493206339888275,-0.00039525973261334,-0.0004627500893548131,-0.0004667626053560525,-0.0004235530213918537,-0.00035336989094503224,-0.0002772637235466391,-0.0002135512768290937,-0.00017439021030440927,-0.00016339491412509233,-0.00017526115698274225,-0.00019774629618041217,-0.00021552527323365211,0.285323828458786,0.24020059406757355,0.43859678506851196,0.2718577980995178,0.5938326716423035,0.3187060058116913,0.4901354908943176,0.269324392080307,0.39014145731925964,0.2991692125797272,0.3693654239177704,0.21673671901226044,0.5665783882141113,0.3543110489845276,0.4826743006706238,0.3108498156070709,0.35189104080200195,0.2591629922389984,0.4133058488368988,0.31427162885665894,0.3291199803352356,0.24692009389400482,0.28743278980255127,0.26384449005126953,2,D,156.60511363636363,632,0.38401241954785087,0.012090810103344595,3.436553287981859,245.74839002267575,-14.379755871407776,1st_ep_02_How to count one to ten-at the same time.flac
3D71C975F9D24E4CB5B77D85FA,132.87918367346938,44100,1,5859972,0.08357810229063034,0.04979483410716057,0.27629411220550537,0.0,0.02429312266566923,0.020939081125032136,0.4521484375,55467.17578125,47.44036053496572,1814.1779487067975,1236.7030601956333,3089.849070771034,1203.2626291131728,3611.055705356948,3264.068615490339,0.06291919201612473,0.24155621230602264,13.939032739403718,4.146170354468234,12.109141099205983,3.6277958371231236,17.614511199824744,4.792796486221514,20.819597207330972,5.69427515140661,18.43303578365568,4.052131402188255,16.98366050574875,2.938283305447981,46.1854994474982,10.81325680545878,-299.61322021484375,99.3643569946289,136.04115295410156,49.756553649902344,25.322744369506836,15.634035110473633,39.35974884033203,17.221696853637695,-4.2927775382995605,12.17053508758545,14.777920722961426,10.08029556274414,1.3756225109100342,8.396676063537598,5.517002582550049,8.095865249633789,2.73935604095459,8.829741477966309,4.521513938903809,9.927846908569336,2.5086171627044678,10.427672386169434,3.22223162651062,10.078402519226074,-1.4485822916030884,8.499942779541016,1.2893916368484497,8.448385238647461,0.6942015290260315,9.05807113647461,2.7685470581054688,8.46941089630127,-1.892160415649414,8.210931777954102,-1.4814952611923218,8.010068893432617,0.06573459506034851,7.600271224975586,0.9545556306838989,8.025484085083008,-0.0005136156687512994,-0.0007199359824880958,-0.0007013528957031667,-0.0006725111743435264,-0.0006362488493323326,-0.0005958579131402075,-0.0005545389140024781,-0.0005149107309989631,-0.0004786188655998558,-0.00044611754128709435,-0.0004166983417235315,-0.00038871486322022974,-0.00035997413215227425,-0.0003282472607679665,-0.0002917652309406549,-0.0002496518427506089,-0.0002021681284531951,-0.00015077936404850334,-9.797166421776637e-05,-4.690318019129336e-05,0.3742580711841583,0.29344186186790466,0.36874571442604065,0.2995425760746002,0.34285107254981995,0.2825922966003418,0.36362141370773315,0.2730092406272888,0.48626813292503357,0.3672768771648407,0.4352167248725891,0.3404499590396881,0.3664858043193817,0.3055252134799957,0.33271554112434387,0.2636340260505676,0.41939234733581543,0.33550187945365906,0.42781734466552734,0.352327436208725,0.35994842648506165,0.2805539071559906,0.40165114402770996,0.32489320635795593,4,E,109.95678191489361,206,0.5514456058846303,0.04055392427924742,3.7035827664399092,116.74993197278911,-20.778249868099504,jobim_wave_04_Antonio Carlos Jobim-Triste.flac
D2098BC896D6450A8E3744528E,144.0,44100,1,6350400,0.07196764647960663,0.03507737070322037,0.20347711443901062,0.0,0.022467157141849402,0.01614130609641174,0.47021484375,40707.453125,46.09673931454335,1437.1337269157632,960.3412995859597,2717.922493597233,994.9574404051195,2373.5721355636288,2612.3847400795507,0.04146305471658707,0.19842678308486938,12.699880749361206,3.5363988698969777,11.604105218978084,3.9986961973415713,19.99959836141168,5.010670393693555,22.477443221893704,5.6256164794878485,19.259144006948453,4.180535501039434,17.079123007361364,3.559637125559336,44.74775002348247,9.734650211321354,-330.1477355957031,91.41069793701172,160.2555389404297,46.850616455078125,32.90504455566406,23.81278419494629,32.9044303894043,18.138593673706055,-3.627216339111328,13.478039741516113,14.790468215942383,9.816511154174805,-1.8201755285263062,10.322022438049316,4.484809398651123,7.688255786895752,0.023974986746907234,7.2315754890441895,1.7549612522125244,7.388950347900391,2.5599119663238525,7.542374610900879,-1.7923598289489746,7.5589752197265625,-4.6762166023254395,7.621659755706787,0.9711955189704895,8.197322845458984,-2.4443001747131348,8.506305694580078,-0.17451803386211395,8.36693286895752,-1.390910267829895,8.592324256896973,-0.15780451893806458,9.27756404876709,-0.31487441062927246,8.9932861328125,1.4302705526351929,9.18494987487793,-0.000532936945091933,-0.0006804086151532829,-0.000488295394461602,-0.00024932355154305696,-5.05759526276961e-05,4.067274130648002e-05,3.3608484955038875e-06,-0.00013010641850996763,-0.0002884289715439081,-0.0003915238194167614,-0.000383610837161541,-0.0002558770647738129,-4.965038169757463e-05,0.00016084777598734945,0.0002989133063238114,0.0003164100635331124,0.00021288638527039438,3.5131681215716526e-05,-0.00014247425133362412,-0.0002485138538759202,0.3248309791088104,0.2785285413265228,0.3994846045970917,0.35244882106781006,0.3084849715232849,0.2922210395336151,0.26325753331184387,0.2655773460865021,0.29937636852264404,0.3063518702983856,0.2796404957771301,0.2813360095024109,0.31048348546028137,0.31039828062057495,0.311749130487442,0.3110729157924652,0.3459243178367615,0.27207523584365845,0.4584979712963104,0.39156442880630493,0.3248906433582306,0.2568642497062683,0.30186721682548523,0.3103572130203247,9,A,132.51201923076923,267,0.4520471246142568,0.021847214452107886,7.3723356009070296,127.61687074829932,-22.583247976717697,jobim_wave_03_Antonio Carlos Jobim-Look To The Sky.flac
33EA926BB2D64917AF8A166779,175.0,44100,1,7717500,0.09285654872655869,0.04520132765173912,0.24650663137435913,0.0,0.027746450842510283,0.018163866046787425,0.39892578125,82315.078125,49.15479394710438,2087.351900298212,1036.1321849472995,3598.47360039465,1023.1239336763438,4725.276720781644,3423.598828486775,0.020862452685832977,0.14144085347652435,13.392512103899126,3.745373221250964,11.728521773813199,4.121568150248533,19.822515720532166,4.889718446042884,21.323315737513063,5.027650261103885,19.015688227181833,4.451374769067101,18.31136980907885,3.1797314924444806,49.985219851432305,8.659727737140182,-286.4714050292969,76.63973999023438,129.99935913085938,34.55167770385742,43.23070526123047,16.74509620666504,47.05238342285156,15.175559043884277,-6.520502090454102,10.6119384765625,21.305511474609375,9.1568603515625,-0.5710887312889099,8.77933120727539,14.484662055969238,10.123030662536621,-5.555996894836426,9.700029373168945,2.1568045616149902,9.35254955291748,2.2955801486968994,9.315520286560059,-1.7471601963043213,8.725530624389648,-9.447434425354004,9.000219345092773,-1.9594557285308838,9.678793907165527,-2.041149139404297,8.587238311767578,1.9520785808563232,8.67966365814209,-0.8149877190589905,8.397819519042969,2.814164161682129,8.630975723266602,-3.247755765914917,8.985269546508789,2.789844036102295,8.29570198059082,8.098070658490997e-09,1.0122588323113746e-09,-2.5306470252672852e-09,-5.061294161556873e-10,-2.5306470807784365e-10,2.5306470807784365e-10,6.959279263973883e-10,5.061294161556873e-10,5.061294161556873e-10,-6.959279263973883e-10,-5.693955862362543e-10,1.8979852411948883e-10,2.5306470807784365e-10,1.2653235403892182e-10,-1.0122588323113746e-09,1.2969565421627749e-09,-1.1387911724725086e-09,-1.0755250023919416e-09,1.2653235403892182e-10,9.648091214842225e-10,0.35466623306274414,0.3003913164138794,0.36362606287002563,0.29247593879699707,0.4278212785720825,0.3729652464389801,0.37431567907333374,0.32317054271698,0.3161856532096863,0.2703877389431,0.3313988447189331,0.29258546233177185,0.33731305599212646,0.2945501506328583,0.356539249420166,0.319782555103302,0.32558414340019226,0.2715984582901001,0.4105757176876068,0.3625466525554657,0.37778419256210327,0.3014221489429474,0.3607809245586395,0.28529396653175354,2,D,143.5546875,398,0.41444987062835215,0.009208093120159445,2.380045351473923,166.9166439909297,-20.490303333484444,jobim_wave_01_Antonio Carlos Jobim-Wave.flac
AA089CC166EF4DE8AA78014AD9,286.4590476190476,44100,1,12632844,0.15118224918842316,0.09455478936433792,0.4787861108779907,0.0,0.027293762221873227,0.03633355106101833,0.47705078125,401690.03125,56.03891053970066,1451.1807945157684,1094.5106359772199,2338.05046231619,1107.8662692419819,3075.8505936949064,2787.252632496164,0.01481838058680296,0.11725669354200363,19.664193611270484,6.578805988305452,10.597834418926858,4.257046138938324,17.78186808899082,5.7226548681765275,18.92967446246425,5.492523720243299,18.396601890331237,4.644277720668952,19.767231816391238,5.39028147872242,44.371888720292176,10.229983206769777,-248.3420867919922,121.02765655517578,147.25730895996094,52.1827507019043,19.243436813354492,35.21677780151367,47.458492279052734,22.90473175048828,13.559040069580078,16.346738815307617,16.588991165161133,12.680764198303223,1.3945602178573608,10.624757766723633,3.5362181663513184,11.273605346679688,1.11981999874115,11.626319885253906,-2.1174938678741455,11.064979553222656,-5.04360818862915,8.784396171569824,-2.8842437267303467,9.190459251403809,-5.394562721252441,8.396450996398926,-1.9381294250488281,8.979732513427734,-0.5398610234260559,8.090818405151367,-2.960080146789551,7.590689182281494,-3.48254132270813,7.588476181030273,-4.621217727661133,7.848668098449707,-2.7644081115722656,8.588262557983398,-4.481776237487793,8.915207862854004,-0.0009264210239052773,-0.001254907576367259,-0.001096743973903358,-0.0008570802747271955,-0.0005674677086062729,-0.00026424185489304364,1.7424190446035936e-05,0.0002489586768206209,0.0004123139369767159,0.0005017526564188302,0.0005233259289525449,0.0004922978114336729,0.00042918664985336363,0.00035527857835404575,0.0002885154099203646,0.00024050379579421133,0.00021510211809072644,0.00020873229368589818,0.0002121893485309556,0.00021347659640014172,0.47968003153800964,0.2593275010585785,0.40084871649742126,0.24897515773773193,0.392109751701355,0.2142312377691269,0.5536223649978638,0.2403385192155838,0.7112379670143127,0.3006075620651245,0.6331660747528076,0.27236196398735046,0.49864375591278076,0.2771008014678955,0.42124873399734497,0.21430937945842743,0.5281301736831665,0.30117860436439514,0.48157933354377747,0.2722475230693817,0.5042658448219299,0.26481953263282776,0.5994194149971008,0.3159754276275635,4,E,87.5926906779661,413,0.6808462673095128,0.019686097875445237,4.214421768707483,284.72308390022675,-15.416713166466264,1st_ep_03_How to count one to ten-windmill.flac
A0F9B5560A194DE5A25A22BD62,304.0,44100,1,13406400,0.08951126784086227,0.04613717272877693,0.27677446603775024,0.0,0.0318839544646267,0.02093377378613595,0.4658203125,135956.21875,51.33399077366996,2286.4168953644858,898.6310500055334,3477.339099269938,705.4374242506872,5323.9839405163975,2357.2179595165494,0.006983333267271519,0.08052736520767212,13.486729707623102,3.9396670700738006,10.81970697321937,3.7138292680115637,15.978027026434043,4.221653957617631,19.10567181688144,5.14120160107221,18.067473728030826,3.7907891553400987,17.853985572716255,2.747763867718592,50.85952145344709,6.886337261282954,-247.7598419189453,68.904052734375,133.6849365234375,27.42575454711914,12.8123779296875,13.923449516296387,57.596256256103516,14.592175483703613,-6.030307292938232,12.036896705627441,17.982894897460938,7.9791340827941895,3.565394639968872,8.592718124389648,9.880437850952148,7.543810844421387,-7.038907051086426,7.935290813446045,2.557082176208496,7.895687580108643,1.526214361190796,7.999866962432861,1.47901451587677,7.438104629516602,-4.413942337036133,7.31355094909668,6.0136542320251465,7.437153339385986,1.0688709020614624,8.258752822875977,1.4592479467391968,7.61440896987915,0.8336786031723022,6.465420722961426,-1.8098297119140625,6.480202674865723,-1.9385415315628052,6.228652000427246,0.5762035846710205,6.127834320068359,0.00038219871930778027,0.000518075074069202,0.0004641254199668765,0.0004072022275067866,0.00036861631087958813,0.0003512769762892276,0.00034736774978227913,0.00035097042564302683,0.00035919449874199927,0.0003630844585131854,0.00034483865601941943,0.0002906386216636747,0.0002075560623779893,0.00012437798432074487,7.19580493750982e-05,6.107652734499425e-05,7.873383583500981e-05,0.00010373751138104126,0.00012279559450689703,0.000131496402900666,0.4339832663536072,0.2918519675731659,0.5106087327003479,0.33298730850219727,0.4732694625854492,0.30723240971565247,0.4457539916038513,0.2860381007194519,0.48213085532188416,0.31685540080070496,0.48363107442855835,0.32839369773864746,0.4500320851802826,0.3314764201641083,0.42212650179862976,0.30043748021125793,0.4572320878505707,0.3143869638442993,0.39153853058815,0.2626905143260956,0.3999040126800537,0.28694286942481995,0.41104379296302795,0.28048011660575867,1,C#,112.34714673913044,550,0.535835346889211,0.04006874752970621,2.2639455782312927,296.43755102040814,-21.022624404901322,jobim_wave_02_Antonio Carlos Jobim-The Red Blouse.flac
3FF351D346274F6C8DC078C78A,341.0,44100,1,15038100,0.17077402770519257,0.07411403208971024,0.36686286330223083,0.0,0.047250786383502996,0.032839738693176544,0.47705078125,521182.875,57.169901372493186,2116.810679309749,1142.6578864180967,2605.924987715614,1042.8048531998918,4520.777670512095,2692.30242355775,0.006005003582686186,0.07634919881820679,21.742125472758055,5.849243121329692,12.096569319360604,4.442263589664727,16.482716923268235,4.773712769263535,17.29930518464145,4.754375146281338,18.05328606675321,4.028632386936509,18.148893660194354,4.017581275207804,49.13130636183492,9.915079568079392,-178.7457275390625,112.44868469238281,161.87913513183594,41.45735168457031,-26.567968368530273,38.67823028564453,48.432735443115234,24.243696212768555,7.6335577964782715,20.512128829956055,19.050195693969727,14.52061653137207,2.829644203186035,13.14280891418457,5.033642768859863,13.006814956665039,-5.104876518249512,14.689038276672363,5.037593364715576,13.576208114624023,-9.620014190673828,11.713074684143066,-2.1399099826812744,10.897814750671387,-5.1553425788879395,10.19681167602539,-2.0134458541870117,9.828438758850098,-2.4159319400787354,9.400787353515625,-6.098768711090088,9.08995532989502,-8.372665405273438,9.236800193786621,-9.308039665222168,9.280141830444336,-4.870643615722656,9.393980979919434,-7.914220333099365,9.05319881439209,0.00011370218999218196,0.0001573075569467619,0.0001470616989536211,0.00013065357052255422,0.00010905122326221317,8.351696305908263e-05,5.5535165301989764e-05,2.67243758571567e-05,-1.27988857911987e-06,-2.6901314413407817e-05,-4.8740934289526194e-05,-6.565384683199227e-05,-7.680672570131719e-05,-8.174649701686576e-05,-8.040383545449004e-05,-7.310260116355494e-05,-6.0531889175763354e-05,-4.3695374188246205e-05,-2.3840753783588298e-05,-2.3884228994575096e-06,0.6371071934700012,0.3419663608074188,0.481601357460022,0.24142663180828094,0.4289530813694,0.2759099006652832,0.3915925621986389,0.23889391124248505,0.5380237698554993,0.3290625810623169,0.4466491639614105,0.2844727635383606,0.35602766275405884,0.22067244350910187,0.4515184760093689,0.34036290645599365,0.34783023595809937,0.24526649713516235,0.28972652554512024,0.22957995533943176,0.3113417625427246,0.21697595715522766,0.45000818371772766,0.250837504863739,0,C,120.18531976744185,658,0.49800971225628765,0.02046681825636409,2.124625850340136,329.3170068027211,-14.815203363452977,1st_ep_01_How to count one to ten-a siesta.flac
95D0CB9A84B54582AD17E79393,493.0,44100,1,21741300,0.19421064853668213,0.08578717708587646,0.5044184923171997,1.3321426195034292e-05,0.016874001451965194,0.012794863529789832,0.1982421875,980050.5,59.912484545764485,994.4776091367157,662.8163433395789,1704.4042290849907,660.4635045633254,1782.9739648952643,1639.2181501105604,0.0001892831060104072,0.003359077963978052,23.854162954891464,6.060819346041774,13.532074727050665,4.515820529831852,17.205910887491513,4.704542968144136,19.372923632660676,4.7165344274530945,17.55601327485787,3.8431050784776604,19.28198635817607,4.495718570470478,44.02255439967552,7.489724921694225,-247.57992553710938,73.49400329589844,169.8616180419922,22.830902099609375,23.18248748779297,34.19648742675781,41.17730712890625,23.476335525512695,13.982828140258789,14.58860969543457,8.43445873260498,12.142440795898438,4.122067451477051,10.139755249023438,-2.261470079421997,9.808367729187012,2.0193238258361816,8.983305931091309,-3.1618404388427734,8.703824996948242,-3.7417051792144775,8.526473999023438,-1.7663110494613647,8.926403045654297,-4.12460994720459,9.896099090576172,-4.688493251800537,9.92930793762207,-2.6232411861419678,9.29662036895752,-4.1198410987854,9.011872291564941,-4.95574426651001,8.9566011428833,-2.746647834777832,8.636505126953125,-3.779693603515625,8.425210952758789,-4.242387771606445,8.441251754760742,0.001165064051747322,0.001558557152748108,0.0013127663405612111,0.0009678443893790245,0.0005988682387396693,0.00027467080508358777,3.832783113466576e-05,-0.00010005879448726773,-0.0001566806749906391,-0.00015990760584827513,-0.0001383865310344845,-0.0001164076675195247,-0.00011363028170308098,-0.0001428089162800461,-0.00020378746557980776,-0.00027954118559136987,-0.00034167434205301106,-0.0003653282765299082,-0.0003437605919316411,-0.0002910472685471177,0.37457653880119324,0.31190225481987,0.38341689109802246,0.2778131067752838,0.48618531227111816,0.3324330449104309,0.500586211681366,0.3443222939968109,0.42036715149879456,0.30768927931785583,0.4002923369407654,0.32125625014305115,0.3835814893245697,0.27582383155822754,0.4256959855556488,0.3340902328491211,0.38419100642204285,0.2788323760032654,0.3982546329498291,0.2894783020019531,0.47144874930381775,0.34288010001182556,0.4172644317150116,0.2970365881919861,3,D#,126.04801829268293,892,0.47505786003140504,0.03894351280340148,69.16063492063492,492.43718820861676,-14.470792815106673,kira_linn_illusion_02_Kira Linn _ Linntett-Illusion.flac
E1C4475B60AC4179852278CC60,305.0,44100,1,13450500,0.15566478669643402,0.07215308398008347,0.41163569688796997,0.0,0.021715421561560276,0.022660293505517307,0.37353515625,395957.9375,55.976490533954944,1359.75966376019,794.8489065039836,2141.106104835102,721.9544308673736,2828.8035587155277,1919.1961063747187,0.00044329941738396883,0.012524286285042763,21.13073936216239,5.838493875069652,11.580489139996962,4.414306269377931,15.065241987114348,4.642221578193684,17.62168766191012,4.837775317787214,17.45868798956182,4.622328202975951,17.930957769884,4.513225295681807,46.37925432491998,7.051900493341763,-225.86355590820312,88.42310333251953,164.50936889648438,36.7711181640625,2.6494221687316895,33.5399284362793,45.90768814086914,19.303878784179688,9.932900428771973,15.887686729431152,14.32547664642334,11.005743980407715,7.034488677978516,10.582292556762695,3.513859510421753,8.85528564453125,1.8066822290420532,9.141098022460938,-0.42263665795326233,7.640960693359375,3.7414255142211914,7.809413433074951,2.233980894088745,7.668835639953613,1.6022471189498901,6.934145450592041,-0.8063333034515381,6.450880527496338,3.191032648086548,6.900649070739746,-0.33035194873809814,6.76762056350708,-1.9730907678604126,7.008793354034424,0.005301488097757101,6.403201580047607,-0.4516102969646454,6.250966548919678,-1.188650369644165,7.4945597648620605,0.0006155092851258814,0.0007779322331771255,0.0005327925318852067,0.00021868578915018588,-6.43197781755589e-05,-0.00023962157138157636,-0.00028126922552473843,-0.00021737298811785877,-0.00011010313755832613,-2.3475558919017203e-05,5.25021823705174e-06,-2.2168036593939178e-05,-7.295062096090987e-05,-0.00010539335198700428,-9.281755046686158e-05,-3.73408074665349e-05,3.258093056501821e-05,7.834232383174822e-05,7.205653673736379e-05,1.129088195739314e-05,0.5405603647232056,0.33573463559150696,0.49017322063446045,0.2907261848449707,0.49545931816101074,0.2821274995803833,0.5392389893531799,0.29028254747390747,0.5424533486366272,0.28763994574546814,0.5258092880249023,0.3070163130760193,0.49544671177864075,0.2797922194004059,0.5022869110107422,0.2861748933792114,0.5349755883216858,0.305766224861145,0.49348172545433044,0.2873515188694,0.43925678730010986,0.26541849970817566,0.4736062288284302,0.28967052698135376,4,E,126.04801829268293,603,0.47284621932937076,0.02691484596909609,15.301950113378684,299.95537414965986,-16.46127706947504,kira_linn_illusion_01_Kira Linn _ Linntett-Rage.flac
1C69AC77BB3042A4A237DF5966,285.60562358276644,44100,1,12595208,0.12431571632623672,0.0719873383641243,0.464393675327301,1.0079818935082585e-07,0.03173139398550872,0.039124972574545155,0.3564453125,259932.546875,54.148606621221816,1764.9652459342883,1526.5273002652625,2343.247405535812,1059.117773180316,3525.322603835337,3103.89003846007,0.0016597721260040998,0.013091701082885265,20.023836375105,6.062079315559456,12.595685289944301,5.003660581872396,17.836673290196476,5.605759024504234,19.03695159839423,5.916219206675653,17.921910729855366,4.713517885342098,19.429708332878494,4.683380326414184,45.679328315018445,7.417359359747125,-264.5545349121094,94.16529083251953,141.0063018798828,50.35515213012695,3.754396438598633,34.40379333496094,35.630924224853516,25.95888328552246,14.512725830078125,22.31095314025879,11.128314971923828,17.22294044494629,0.9163057804107666,13.244141578674316,4.553825855255127,11.578984260559082,2.297135829925537,10.72128677368164,-1.4593372344970703,9.963622093200684,1.227623701095581,9.45096492767334,2.0525262355804443,9.361592292785645,2.0069639682769775,10.0884370803833,0.45882901549339294,9.091665267944336,3.035499095916748,9.179431915283203,1.8236514329910278,9.631940841674805,2.249769449234009,9.083847999572754,1.2013124227523804,9.007304191589355,-0.7155839800834656,8.789648056030273,-0.46177539229393005,8.262533187866211,-0.0018645377131178975,-0.0024830482434481382,-0.0020645710173994303,-0.0014911277685314417,-0.0008933222270570695,-0.0003761574043892324,5.1830479605996516e-06,0.0002419981174170971,0.00035332763218320906,0.0003693229809869081,0.00032543065026402473,0.00026299944147467613,0.00022593897301703691,0.0002484901051502675,0.00033981085289269686,0.00047703692689538,0.0006141987396404147,0.0007035911548882723,0.000717445625923574,0.0006578429020009935,0.5018107295036316,0.32061514258384705,0.45155179500579834,0.2971571385860443,0.4856950044631958,0.32909995317459106,0.48978298902511597,0.30592983961105347,0.5037640333175659,0.3389427661895752,0.46071353554725647,0.31408175826072693,0.4331985414028168,0.29089707136154175,0.43786805868148804,0.3051719069480896,0.45605364441871643,0.31727197766304016,0.4872700870037079,0.32032790780067444,0.5121797323226929,0.30090007185935974,0.54383385181427,0.3243517577648163,11,B,120.18531976744185,528,0.48880868476422823,0.035525989184876414,24.090702947845806,281.6928798185941,-17.94607244894777,kira_linn_illusion_03_Kira Linn _ Linntett-Women to Sky.flac
78250AD45D2842A3AA18C9071D,444.0,44100,1,19580400,0.11266542971134186,0.07538331300020218,0.4364629089832306,3.984154318459332e-06,0.031164110609294512,0.028486510308246726,0.56103515625,359812.46875,55.560762090803884,1632.890012304802,1063.139837703367,2455.8821483849324,1001.9841259535216,3467.7150717839704,2733.054974994276,0.0005631909589283168,0.011713230051100254,15.390377042215299,5.715711722967556,11.49695199228508,4.092693804120086,16.881707089354773,5.42678944390883,19.243602674666768,5.462287338403625,18.95166391082254,5.674759892563706,18.665681673628807,5.887413517381354,46.29370435035153,8.592459375924069,-261.6757507324219,104.7708740234375,142.26197814941406,38.192203521728516,14.9657564163208,28.227197647094727,35.19375228881836,22.692113876342773,-0.24683408439159393,17.84246063232422,17.953088760375977,13.067326545715332,8.633488655090332,12.168346405029297,8.267715454101562,11.859291076660156,6.309624671936035,10.970757484436035,7.07574987411499,10.83822250366211,0.951924741268158,10.592238426208496,3.268272638320923,10.355978012084961,2.9938502311706543,9.361076354980469,4.67043924331665,9.817657470703125,5.509213924407959,8.951065063476562,1.9928029775619507,9.027361869812012,3.124695301055908,9.125301361083984,1.5428309440612793,8.831229209899902,1.4742789268493652,8.133110046386719,-1.296654462814331,7.900732040405273,-5.215072087594308e-05,-7.371703395619988e-05,-7.362466567428783e-05,-7.347015343839303e-05,-7.325225305976346e-05,-7.297502452274784e-05,-7.263585575856268e-05,-7.223655848065391e-05,-7.17769144102931e-05,-7.125887350412086e-05,-7.068309787428007e-05,-7.004886720096692e-05,-6.935992860235274e-05,-6.861545261926949e-05,-6.78169380989857e-05,-6.696659693261608e-05,-6.606370152439922e-05,-6.511242827400565e-05,-6.411189679056406e-05,-6.306462455540895e-05,0.5932379364967346,0.3546268343925476,0.5025852918624878,0.27471598982810974,0.5047861337661743,0.30332908034324646,0.48429855704307556,0.30681854486465454,0.4386645257472992,0.30459529161453247,0.418630987405777,0.3135291039943695,0.44794100522994995,0.29216015338897705,0.5072367191314697,0.32592064142227173,0.4718571901321411,0.29842931032180786,0.4783417284488678,0.3204684257507324,0.4394187033176422,0.2850121855735779,0.4811429977416992,0.30000343918800354,0,C,178.20581896551724,1310,0.3351549450949211,0.011981580675237741,2.2291156462585033,440.9469387755102,-18.26485016456829,hiromi_alive_02_Hiromi-Seeker.flac
5CF227BBD8FB42BDA25C4755A1,510.0,44100,1,22491000,0.11390253156423569,0.0628172755241394,0.3440325856208801,0.0,0.02999142640016049,0.025928122857150387,0.5234375,380545.0,55.804060200977375,1670.371519586265,995.0646314816689,2494.6799828770654,966.3190243467228,3691.8639503135814,2637.0684483253503,0.0004787106008734554,0.012382329441606998,15.792867620980694,5.439791020955044,10.626802161350149,3.807328470006075,16.190528310009935,4.651777480142417,18.787622685671984,4.837865428318221,17.06421377566685,3.802448524959008,16.627177440846904,3.3252216751257926,47.986783250094604,8.1743172438968,-243.34324645996094,105.69872283935547,151.51937866210938,38.88097381591797,8.174099922180176,32.310935974121094,41.49820327758789,23.230012893676758,-2.1327030658721924,16.595205307006836,18.366817474365234,13.501248359680176,6.43371057510376,11.239487648010254,8.089298248291016,10.986905097961426,6.159214973449707,9.20326042175293,6.549756050109863,8.551958084106445,2.842681884765625,9.10339069366455,4.407572269439697,8.549013137817383,1.8112287521362305,7.845964431762695,2.6482160091400146,8.205521583557129,3.7221710681915283,7.749856472015381,0.7082079648971558,7.268006801605225,4.49418830871582,7.105368137359619,1.8593988418579102,7.042403697967529,1.8726886510849,7.24705696105957,0.17134705185890198,6.847306728363037,5.496262383530848e-05,7.769554213155061e-05,7.760318840155378e-05,7.745421316940337e-05,7.724618626525626e-05,7.697936962358654e-05,7.665377779630944e-05,7.626930164406076e-05,7.582783291582018e-05,7.532968447776511e-05,7.477502367692068e-05,7.416437438223511e-05,7.350005762418732e-05,7.278151315404102e-05,7.201094558695331e-05,7.11892862454988e-05,7.031616405583918e-05,6.939422019058838e-05,6.842475704615936e-05,6.740958633599803e-05,0.5115481019020081,0.314640074968338,0.4874638617038727,0.2405930757522583,0.5904420018196106,0.3015466332435608,0.4684301018714905,0.24536585807800293,0.477184921503067,0.2982941269874573,0.45631057024002075,0.2936798930168152,0.4434095621109009,0.2607702910900116,0.5361192226409912,0.3034357726573944,0.5755236148834229,0.26856350898742676,0.6854347586631775,0.30615732073783875,0.5286561846733093,0.25650760531425476,0.4905155897140503,0.27905407547950745,9,A,135.99917763157896,1136,0.439071953010279,0.026000949745497163,6.30421768707483,504.6508843537415,-18.902298081531608,hiromi_alive_01_Hiromi-Deamer.flac
D0CC3C06BCC643C4AD0737115C,540.6917006802721,44100,1,23844504,0.12794502079486847,0.06975547224283218,0.428160697221756,0.0,0.037444122138838784,0.042392217621533404,0.54296875,506364.0,57.04462821896528,1901.8661641267806,1196.0315720390881,2651.05565899179,1008.5376780037203,4214.49107342361,2687.8410637259058,0.00706131337210536,0.07591311633586884,15.4465494255531,5.392671733496905,10.56827284712411,3.6583717900192685,15.275069327505314,4.361668913580939,18.116952162428735,4.8383993920938115,17.447389033273875,4.7212224100209905,17.45642985822061,5.008606784087497,48.69235360148108,9.273129433726016,-215.8216552734375,99.41686248779297,151.63526916503906,37.368194580078125,4.94118595123291,33.22252655029297,46.197296142578125,22.12714958190918,-5.563746929168701,14.145095825195312,18.00792694091797,10.25183391571045,6.053468227386475,10.120654106140137,6.9307732582092285,9.778159141540527,4.721396446228027,8.403280258178711,6.9151930809021,8.132820129394531,0.7262753248214722,8.168662071228027,3.7977468967437744,8.431197166442871,-0.4791710674762726,7.464380264282227,2.123593807220459,7.269976615905762,2.4670400619506836,6.918540000915527,0.008607272990047932,6.428024768829346,3.080507516860962,6.6050238609313965,1.1105836629867554,7.083957195281982,2.6556923389434814,7.264157295227051,-1.670789361000061,6.89730167388916,6.552773879064944e-10,-6.552773879064944e-10,4.09548367441559e-10,-6.552773879064944e-10,-6.552773879064944e-10,-4.5050319030792707e-10,-2.6620644577590724e-10,-2.457290204649354e-10,-5.119354593019487e-11,-2.6620644577590724e-10,0.0,-8.702902981605476e-11,8.19096734883118e-11,2.866838433313035e-10,3.8907094213058713e-10,2.5596772965097436e-11,5.119354593019487e-12,4.3002579275253083e-10,3.0716126864227533e-10,1.8429675840980764e-10,0.5242645144462585,0.29747578501701355,0.541657030582428,0.2846325635910034,0.5684563517570496,0.3069492280483246,0.4863041639328003,0.2604992091655731,0.48507750034332275,0.2848496437072754,0.4745588004589081,0.2619931697845459,0.5467234253883362,0.29179713129997253,0.5377166867256165,0.28560951352119446,0.5111092329025269,0.2687821686267853,0.5708223581314087,0.3109404742717743,0.5195915699005127,0.2644738256931305,0.5499195456504822,0.30047932267189026,9,A,161.4990234375,1299,0.37274467259939414,0.01613360241919683,55.29832199546485,539.1209070294784,-17.707815516802004,hiromi_alive_03_Hiromi-Warrior.flac
